2026-09-14 11:07:03,570 | INFO     | __main__ | Bot online.
2026-09-14 11:07:04,313 | INFO     | httpx | HTTP Request: POST https://api.telegram.org/bot8895975047:AAE_eXzUepLl7GN1AkRT4Z-nakCYjCqDwrU/getMe "HTTP/1.1 200 OK"
2026-09-14 11:07:04,315 | INFO     | apscheduler.scheduler | Scheduler started
2026-09-14 11:07:04,315 | INFO     | telegram.ext.Application | Application started
2026-09-14 11:07:04,518 | INFO     | httpx | HTTP Request: POST https://api.telegram.org/bot8895975047:AAE_eXzUepLl7GN1AkRT4Z-nakCYjCqDwrU/deleteWebhook "HTTP/1.1 200 OK"
2026-09-14 11:07:07,972 | INFO     | httpx | HTTP Request: POST https://api.telegram.org/bot8895975047:AAE_eXzUepLl7GN1AkRT4Z-nakCYjCqDwrU/getUpdates "HTTP/1.1 200 OK"
2026-09-14 11:07:08,489 | INFO     | httpx | HTTP Request: POST https://api.telegram.org/bot8895975047:AAE_eXzUepLl7GN1AkRT4Z-nakCYjCqDwrU/sendMessage "HTTP/1.1 200 OK"
2026-09-14 11:07:10,048 | INFO     | httpx | HTTP Request: POST https://api.telegram.org/bot8895975047:AAE_eXzUepLl7GN1AkRT4Z-nakCYjCqDwrU/getUpdates "HTTP/1.1 200 OK"
2026-09-14 11:07:10,425 | INFO     | httpx | HTTP Request: POST https://api.telegram.org/bot8895975047:AAE_eXzUepLl7GN1AkRT4Z-nakCYjCqDwrU/answerCallbackQuery "HTTP/1.1 200 OK"
2026-09-14 11:07:10,940 | INFO     | httpx | HTTP Request: POST https://api.telegram.org/bot8895975047:AAE_eXzUepLl7GN1AkRT4Z-nakCYjCqDwrU/editMessageText "HTTP/1.1 200 OK"
2026-09-14 11:07:14,158 | INFO     | httpx | HTTP Request: POST https://api.telegram.org/bot8895975047:AAE_eXzUepLl7GN1AkRT4Z-nakCYjCqDwrU/getUpdates "HTTP/1.1 200 OK"
2026-09-14 11:07:14,555 | INFO     | httpx | HTTP Request: POST https://api.telegram.org/bot8895975047:AAE_eXzUepLl7GN1AkRT4Z-nakCYjCqDwrU/sendMessage "HTTP/1.1 200 OK"
2026-09-14 11:07:16,464 | INFO     | httpx | HTTP Request: POST https://api.telegram.org/bot8895975047:AAE_eXzUepLl7GN1AkRT4Z-nakCYjCqDwrU/getUpdates "HTTP/1.1 200 OK"
2026-09-14 11:07:16,834 | INFO     | httpx | HTTP Request: POST https://api.telegram.org/bot8895975047:AAE_eXzUepLl7GN1AkRT4Z-nakCYjCqDwrU/answerCallbackQuery "HTTP/1.1 200 OK"
2026-09-14 11:07:17,218 | INFO     | httpx | HTTP Request: POST https://api.telegram.org/bot8895975047:AAE_eXzUepLl7GN1AkRT4Z-nakCYjCqDwrU/editMessageText "HTTP/1.1 200 OK"
2026-09-14 11:07:19,609 | INFO     | httpx | HTTP Request: POST https://api.telegram.org/bot8895975047:AAE_eXzUepLl7GN1AkRT4Z-nakCYjCqDwrU/getUpdates "HTTP/1.1 200 OK"
2026-09-14 11:07:20,013 | INFO     | httpx | HTTP Request: POST https://api.telegram.org/bot8895975047:AAE_eXzUepLl7GN1AkRT4Z-nakCYjCqDwrU/sendMessage "HTTP/1.1 200 OK"
2026-09-14 11:07:22,819 | INFO     | httpx | HTTP Request: POST https://api.telegram.org/bot8895975047:AAE_eXzUepLl7GN1AkRT4Z-nakCYjCqDwrU/getUpdates "HTTP/1.1 200 OK"
2026-09-14 11:07:23,315 | INFO     | httpx | HTTP Request: POST https://api.telegram.org/bot8895975047:AAE_eXzUepLl7GN1AkRT4Z-nakCYjCqDwrU/answerCallbackQuery "HTTP/1.1 200 OK"
2026-09-14 11:07:23,714 | INFO     | httpx | HTTP Request: POST https://api.telegram.org/bot8895975047:AAE_eXzUepLl7GN1AkRT4Z-nakCYjCqDwrU/editMessageText "HTTP/1.1 200 OK"
2026-09-14 11:07:28,841 | INFO     | httpx | HTTP Request: POST https://api.telegram.org/bot8895975047:AAE_eXzUepLl7GN1AkRT4Z-nakCYjCqDwrU/getUpdates "HTTP/1.1 200 OK"
2026-09-14 11:07:28,902 | INFO     | __main__ | BALANCE UPDATE | target=7606479600 | added=9999.00 | new_balance=9999.00 | db=/storage/emulated/0/Python/BOT/bot.db
2026-09-14 11:07:29,792 | INFO     | httpx | HTTP Request: POST https://api.telegram.org/bot8895975047:AAE_eXzUepLl7GN1AkRT4Z-nakCYjCqDwrU/sendMessage "HTTP/1.1 200 OK"
2026-09-14 11:07:40,125 | INFO     | httpx | HTTP Request: POST https://api.telegram.org/bot8895975047:AAE_eXzUepLl7GN1AkRT4Z-nakCYjCqDwrU/getUpdates "HTTP/1.1 200 OK"
2026-09-14 11:07:45,349 | INFO     | httpx | HTTP Request: POST https://api.telegram.org/bot8895975047:AAE_eXzUepLl7GN1AkRT4Z-nakCYjCqDwrU/getUpdates "HTTP/1.1 200 OK"
2026-09-14 11:07:46,351 | INFO     | httpx | HTTP Request: POST https://api.telegram.org/bot8895975047:AAE_eXzUepLl7GN1AkRT4Z-nakCYjCqDwrU/sendMessage "HTTP/1.1 200 OK"
2026-09-14 11:07:48,188 | INFO     | httpx | HTTP Request: POST https://api.telegram.org/bot8895975047:AAE_eXzUepLl7GN1AkRT4Z-nakCYjCqDwrU/getUpdates "HTTP/1.1 200 OK"
2026-09-14 11:07:48,620 | INFO     | httpx | HTTP Request: POST https://api.telegram.org/bot8895975047:AAE_eXzUepLl7GN1AkRT4Z-nakCYjCqDwrU/answerCallbackQuery "HTTP/1.1 200 OK"
2026-09-14 11:07:49,297 | INFO     | httpx | HTTP Request: POST https://api.telegram.org/bot8895975047:AAE_eXzUepLl7GN1AkRT4Z-nakCYjCqDwrU/editMessageText "HTTP/1.1 200 OK"
2026-09-14 11:07:59,099 | INFO     | httpx | HTTP Request: POST https://api.telegram.org/bot8895975047:AAE_eXzUepLl7GN1AkRT4Z-nakCYjCqDwrU/getUpdates "HTTP/1.1 200 OK"
2026-09-14 11:08:09,324 | INFO     | httpx | HTTP Request: POST https://api.telegram.org/bot8895975047:AAE_eXzUepLl7GN1AkRT4Z-nakCYjCqDwrU/getUpdates "HTTP/1.1 200 OK"
2026-09-14 11:08:48,940 | INFO     | httpx | HTTP Request: POST https://api.telegram.org/bot8895975047:AAE_eXzUepLl7GN1AkRT4Z-nakCYjCqDwrU/getUpdates "HTTP/1.1 200 OK"
2026-09-14 11:08:50,353 | INFO     | httpx | HTTP Request: POST https://api.telegram.org/bot8895975047:AAE_eXzUepLl7GN1AkRT4Z-nakCYjCqDwrU/sendMessage "HTTP/1.1 200 OK"
2026-09-14 11:08:51,937 | INFO     | httpx | HTTP Request: POST https://api.telegram.org/bot8895975047:AAE_eXzUepLl7GN1AkRT4Z-nakCYjCqDwrU/getUpdates "HTTP/1.1 200 OK"
2026-09-14 11:08:52,470 | INFO     | httpx | HTTP Request: POST https://api.telegram.org/bot8895975047:AAE_eXzUepLl7GN1AkRT4Z-nakCYjCqDwrU/answerCallbackQuery "HTTP/1.1 200 OK"
2026-09-14 11:08:53,007 | INFO     | httpx | HTTP Request: POST https://api.telegram.org/bot8895975047:AAE_eXzUepLl7GN1AkRT4Z-nakCYjCqDwrU/editMessageText "HTTP/1.1 200 OK"
2026-09-14 11:09:02,319 | INFO     | httpx | HTTP Request: POST https://api.telegram.org/bot8895975047:AAE_eXzUepLl7GN1AkRT4Z-nakCYjCqDwrU/getUpdates "HTTP/1.1 200 OK"
2026-09-14 11:09:04,736 | INFO     | httpx | HTTP Request: POST https://api.telegram.org/bot8895975047:AAE_eXzUepLl7GN1AkRT4Z-nakCYjCqDwrU/getUpdates "HTTP/1.1 200 OK"
2026-09-14 11:09:04,809 | INFO     | __main__ | BALANCE UPDATE | target=8695363498 | added=9999.00 | new_balance=9999.00 | db=/storage/emulated/0/Python/BOT/bot.db
2026-09-14 11:09:05,960 | INFO     | httpx | HTTP Request: POST https://api.telegram.org/bot8895975047:AAE_eXzUepLl7GN1AkRT4Z-nakCYjCqDwrU/sendMessage "HTTP/1.1 200 OK"
2026-09-14 11:09:09,030 | INFO     | httpx | HTTP Request: POST https://api.telegram.org/bot8895975047:AAE_eXzUepLl7GN1AkRT4Z-nakCYjCqDwrU/getUpdates "HTTP/1.1 200 OK"
2026-09-14 11:09:09,265 | INFO     | httpx | HTTP Request: POST https://api.telegram.org/bot8895975047:AAE_eXzUepLl7GN1AkRT4Z-nakCYjCqDwrU/getUpdates "HTTP/1.1 200 OK"
2026-09-14 11:09:09,633 | INFO     | httpx | HTTP Request: POST https://api.telegram.org/bot8895975047:AAE_eXzUepLl7GN1AkRT4Z-nakCYjCqDwrU/sendMessage "HTTP/1.1 200 OK"
2026-09-14 11:09:10,148 | INFO     | httpx | HTTP Request: POST https://api.telegram.org/bot8895975047:AAE_eXzUepLl7GN1AkRT4Z-nakCYjCqDwrU/sendMessage "HTTP/1.1 200 OK"
2026-09-14 11:09:10,654 | INFO     | httpx | HTTP Request: POST https://api.telegram.org/bot8895975047:AAE_eXzUepLl7GN1AkRT4Z-nakCYjCqDwrU/sendMessage "HTTP/1.1 200 OK"
2026-09-14 11:09:11,987 | INFO     | httpx | HTTP Request: POST https://api.telegram.org/bot8895975047:AAE_eXzUepLl7GN1AkRT4Z-nakCYjCqDwrU/getUpdates "HTTP/1.1 200 OK"
2026-09-14 11:09:12,452 | INFO     | httpx | HTTP Request: POST https://api.telegram.org/bot8895975047:AAE_eXzUepLl7GN1AkRT4Z-nakCYjCqDwrU/answerCallbackQuery "HTTP/1.1 200 OK"
2026-09-14 11:09:12,928 | INFO     | httpx | HTTP Request: POST https://api.telegram.org/bot8895975047:AAE_eXzUepLl7GN1AkRT4Z-nakCYjCqDwrU/editMessageText "HTTP/1.1 200 OK"
2026-09-14 11:09:43,666 | INFO     | httpx | HTTP Request: POST https://api.telegram.org/bot8895975047:AAE_eXzUepLl7GN1AkRT4Z-nakCYjCqDwrU/getUpdates "HTTP/1.1 200 OK"
2026-09-14 11:09:45,615 | INFO     | httpx | HTTP Request: POST https://api.telegram.org/bot8895975047:AAE_eXzUepLl7GN1AkRT4Z-nakCYjCqDwrU/getUpdates "HTTP/1.1 200 OK"
2026-09-14 11:09:47,120 | INFO     | httpx | HTTP Request: POST https://api.telegram.org/bot8895975047:AAE_eXzUepLl7GN1AkRT4Z-nakCYjCqDwrU/answerCallbackQuery "HTTP/1.1 200 OK"
2026-09-14 11:09:47,732 | INFO     | httpx | HTTP Request: POST https://api.telegram.org/bot8895975047:AAE_eXzUepLl7GN1AkRT4Z-nakCYjCqDwrU/editMessageText "HTTP/1.1 200 OK"
2026-09-14 11:09:47,803 | INFO     | httpx | HTTP Request: POST https://api.telegram.org/bot8895975047:AAE_eXzUepLl7GN1AkRT4Z-nakCYjCqDwrU/getUpdates "HTTP/1.1 200 OK"
2026-09-14 11:09:48,176 | INFO     | httpx | HTTP Request: POST https://api.telegram.org/bot8895975047:AAE_eXzUepLl7GN1AkRT4Z-nakCYjCqDwrU/answerCallbackQuery "HTTP/1.1 200 OK"
2026-09-14 11:09:48,980 | INFO     | httpx | HTTP Request: POST https://api.telegram.org/bot8895975047:AAE_eXzUepLl7GN1AkRT4Z-nakCYjCqDwrU/editMessageText "HTTP/1.1 400 Bad Request"
2026-09-14 11:09:48,982 | ERROR    | telegram.ext.Application | No error handlers are registered, logging exception.
Traceback (most recent call last):
  File "/data/data/com.termux/files/usr/lib/python3.12/site-packages/telegram/ext/_application.py", line 1315, in process_update
    await coroutine
  File "/data/data/com.termux/files/usr/lib/python3.12/site-packages/telegram/ext/_handlers/basehandler.py", line 159, in handle_update
    return await self.callback(update, context)
           ^^^^^^^^^^^^^^^^^^^^^^^^^^^^^^^^^^^^
  File "/storage/emulated/0/Python/BOT/bot1.py", line 620, in on_callback
    await q.edit_message_text(
  File "/data/data/com.termux/files/usr/lib/python3.12/site-packages/telegram/_callbackquery.py", line 268, in edit_message_text
    return await self._get_message().edit_text(
           ^^^^^^^^^^^^^^^^^^^^^^^^^^^^^^^^^^^^
  File "/data/data/com.termux/files/usr/lib/python3.12/site-packages/telegram/_message.py", line 4142, in edit_text
    return await self.get_bot().edit_message_text(
           ^^^^^^^^^^^^^^^^^^^^^^^^^^^^^^^^^^^^^^^
  File "/data/data/com.termux/files/usr/lib/python3.12/site-packages/telegram/ext/_extbot.py", line 1735, in edit_message_text
    return await super().edit_message_text(
           ^^^^^^^^^^^^^^^^^^^^^^^^^^^^^^^^
  File "/data/data/com.termux/files/usr/lib/python3.12/site-packages/telegram/_bot.py", line 4463, in edit_message_text
    return await self._send_message(
           ^^^^^^^^^^^^^^^^^^^^^^^^^
  File "/data/data/com.termux/files/usr/lib/python3.12/site-packages/telegram/ext/_extbot.py", line 634, in _send_message
    result = await super()._send_message(
             ^^^^^^^^^^^^^^^^^^^^^^^^^^^^
  File "/data/data/com.termux/files/usr/lib/python3.12/site-packages/telegram/_bot.py", line 819, in _send_message
    result = await self._post(
             ^^^^^^^^^^^^^^^^^
  File "/data/data/com.termux/files/usr/lib/python3.12/site-packages/telegram/_bot.py", line 703, in _post
    return await self._do_post(
           ^^^^^^^^^^^^^^^^^^^^
  File "/data/data/com.termux/files/usr/lib/python3.12/site-packages/telegram/ext/_extbot.py", line 372, in _do_post
    return await super()._do_post(
           ^^^^^^^^^^^^^^^^^^^^^^^
  File "/data/data/com.termux/files/usr/lib/python3.12/site-packages/telegram/_bot.py", line 732, in _do_post
    result = await request.post(
             ^^^^^^^^^^^^^^^^^^^
  File "/data/data/com.termux/files/usr/lib/python3.12/site-packages/telegram/request/_baserequest.py", line 198, in post
    result = await self._request_wrapper(
             ^^^^^^^^^^^^^^^^^^^^^^^^^^^^
  File "/data/data/com.termux/files/usr/lib/python3.12/site-packages/telegram/request/_baserequest.py", line 375, in _request_wrapper
    raise exception
telegram.error.BadRequest: Message is not modified: specified new message content and reply markup are exactly the same as a current content and reply markup of the message
2026-09-14 11:09:49,597 | INFO     | httpx | HTTP Request: POST https://api.telegram.org/bot8895975047:AAE_eXzUepLl7GN1AkRT4Z-nakCYjCqDwrU/answerCallbackQuery "HTTP/1.1 200 OK"
2026-09-14 11:09:58,173 | INFO     | httpx | HTTP Request: POST https://api.telegram.org/bot8895975047:AAE_eXzUepLl7GN1AkRT4Z-nakCYjCqDwrU/getUpdates "HTTP/1.1 200 OK"
2026-09-14 11:10:04,612 | INFO     | httpx | HTTP Request: POST https://api.telegram.org/bot8895975047:AAE_eXzUepLl7GN1AkRT4Z-nakCYjCqDwrU/getUpdates "HTTP/1.1 200 OK"
2026-09-14 11:10:05,448 | INFO     | httpx | HTTP Request: POST https://api.telegram.org/bot8895975047:AAE_eXzUepLl7GN1AkRT4Z-nakCYjCqDwrU/answerCallbackQuery "HTTP/1.1 200 OK"
2026-09-14 11:10:14,957 | INFO     | httpx | HTTP Request: POST https://api.telegram.org/bot8895975047:AAE_eXzUepLl7GN1AkRT4Z-nakCYjCqDwrU/getUpdates "HTTP/1.1 200 OK"
2026-09-14 11:13:26,077 | INFO     | httpx | HTTP Request: POST https://api.telegram.org/bot8895975047:AAE_eXzUepLl7GN1AkRT4Z-nakCYjCqDwrU/getUpdates "HTTP/1.1 200 OK"
2026-09-14 11:13:30,550 | INFO     | httpx | HTTP Request: POST https://api.telegram.org/bot8895975047:AAE_eXzUepLl7GN1AkRT4Z-nakCYjCqDwrU/getUpdates "HTTP/1.1 200 OK"
2026-09-14 11:13:30,555 | INFO     | telegram.ext.Application | Application is stopping. This might take a moment.
2026-09-14 11:13:30,562 | INFO     | apscheduler.scheduler | Scheduler has been shut down
2026-09-14 11:13:30,572 | INFO     | telegram.ext.Application | Application.stop() complete
2026-09-14 11:13:37,131 | INFO     | __main__ | Bot online.
2026-09-14 11:13:37,952 | INFO     | httpx | HTTP Request: POST https://api.telegram.org/bot8895975047:AAE_eXzUepLl7GN1AkRT4Z-nakCYjCqDwrU/getMe "HTTP/1.1 200 OK"
2026-09-14 11:13:37,956 | INFO     | apscheduler.scheduler | Scheduler started
2026-09-14 11:13:37,957 | INFO     | telegram.ext.Application | Application started
2026-09-14 11:13:38,173 | INFO     | httpx | HTTP Request: POST https://api.telegram.org/bot8895975047:AAE_eXzUepLl7GN1AkRT4Z-nakCYjCqDwrU/deleteWebhook "HTTP/1.1 200 OK"
2026-09-14 11:13:41,385 | INFO     | httpx | HTTP Request: POST https://api.telegram.org/bot8895975047:AAE_eXzUepLl7GN1AkRT4Z-nakCYjCqDwrU/getUpdates "HTTP/1.1 200 OK"
2026-09-14 11:13:41,806 | INFO     | httpx | HTTP Request: POST https://api.telegram.org/bot8895975047:AAE_eXzUepLl7GN1AkRT4Z-nakCYjCqDwrU/answerCallbackQuery "HTTP/1.1 200 OK"
2026-09-14 11:13:42,240 | INFO     | httpx | HTTP Request: POST https://api.telegram.org/bot8895975047:AAE_eXzUepLl7GN1AkRT4Z-nakCYjCqDwrU/editMessageText "HTTP/1.1 200 OK"
2026-09-14 11:13:42,650 | INFO     | httpx | HTTP Request: POST https://api.telegram.org/bot8895975047:AAE_eXzUepLl7GN1AkRT4Z-nakCYjCqDwrU/answerCallbackQuery "HTTP/1.1 200 OK"
2026-09-14 11:13:43,073 | INFO     | httpx | HTTP Request: POST https://api.telegram.org/bot8895975047:AAE_eXzUepLl7GN1AkRT4Z-nakCYjCqDwrU/editMessageText "HTTP/1.1 400 Bad Request"
2026-09-14 11:13:43,074 | ERROR    | telegram.ext.Application | No error handlers are registered, logging exception.
Traceback (most recent call last):
  File "/data/data/com.termux/files/usr/lib/python3.12/site-packages/telegram/ext/_application.py", line 1315, in process_update
    await coroutine
  File "/data/data/com.termux/files/usr/lib/python3.12/site-packages/telegram/ext/_handlers/basehandler.py", line 159, in handle_update
    return await self.callback(update, context)
           ^^^^^^^^^^^^^^^^^^^^^^^^^^^^^^^^^^^^
  File "/storage/emulated/0/Python/BOT/bot1.py", line 678, in on_callback
    await q.edit_message_text(
  File "/data/data/com.termux/files/usr/lib/python3.12/site-packages/telegram/_callbackquery.py", line 268, in edit_message_text
    return await self._get_message().edit_text(
           ^^^^^^^^^^^^^^^^^^^^^^^^^^^^^^^^^^^^
  File "/data/data/com.termux/files/usr/lib/python3.12/site-packages/telegram/_message.py", line 4142, in edit_text
    return await self.get_bot().edit_message_text(
           ^^^^^^^^^^^^^^^^^^^^^^^^^^^^^^^^^^^^^^^
  File "/data/data/com.termux/files/usr/lib/python3.12/site-packages/telegram/ext/_extbot.py", line 1735, in edit_message_text
    return await super().edit_message_text(
           ^^^^^^^^^^^^^^^^^^^^^^^^^^^^^^^^
  File "/data/data/com.termux/files/usr/lib/python3.12/site-packages/telegram/_bot.py", line 4463, in edit_message_text
    return await self._send_message(
           ^^^^^^^^^^^^^^^^^^^^^^^^^
  File "/data/data/com.termux/files/usr/lib/python3.12/site-packages/telegram/ext/_extbot.py", line 634, in _send_message
    result = await super()._send_message(
             ^^^^^^^^^^^^^^^^^^^^^^^^^^^^
  File "/data/data/com.termux/files/usr/lib/python3.12/site-packages/telegram/_bot.py", line 819, in _send_message
    result = await self._post(
             ^^^^^^^^^^^^^^^^^
  File "/data/data/com.termux/files/usr/lib/python3.12/site-packages/telegram/_bot.py", line 703, in _post
    return await self._do_post(
           ^^^^^^^^^^^^^^^^^^^^
  File "/data/data/com.termux/files/usr/lib/python3.12/site-packages/telegram/ext/_extbot.py", line 372, in _do_post
    return await super()._do_post(
           ^^^^^^^^^^^^^^^^^^^^^^^
  File "/data/data/com.termux/files/usr/lib/python3.12/site-packages/telegram/_bot.py", line 732, in _do_post
    result = await request.post(
             ^^^^^^^^^^^^^^^^^^^
  File "/data/data/com.termux/files/usr/lib/python3.12/site-packages/telegram/request/_baserequest.py", line 198, in post
    result = await self._request_wrapper(
             ^^^^^^^^^^^^^^^^^^^^^^^^^^^^
  File "/data/data/com.termux/files/usr/lib/python3.12/site-packages/telegram/request/_baserequest.py", line 375, in _request_wrapper
    raise exception
telegram.error.BadRequest: Message is not modified: specified new message content and reply markup are exactly the same as a current content and reply markup of the message
2026-09-14 11:13:44,879 | INFO     | httpx | HTTP Request: POST https://api.telegram.org/bot8895975047:AAE_eXzUepLl7GN1AkRT4Z-nakCYjCqDwrU/getUpdates "HTTP/1.1 200 OK"
2026-09-14 11:13:45,093 | INFO     | httpx | HTTP Request: POST https://api.telegram.org/bot8895975047:AAE_eXzUepLl7GN1AkRT4Z-nakCYjCqDwrU/getUpdates "HTTP/1.1 200 OK"
2026-09-14 11:13:45,317 | INFO     | httpx | HTTP Request: POST https://api.telegram.org/bot8895975047:AAE_eXzUepLl7GN1AkRT4Z-nakCYjCqDwrU/answerCallbackQuery "HTTP/1.1 200 OK"
2026-09-14 11:13:45,818 | INFO     | httpx | HTTP Request: POST https://api.telegram.org/bot8895975047:AAE_eXzUepLl7GN1AkRT4Z-nakCYjCqDwrU/editMessageText "HTTP/1.1 200 OK"
2026-09-14 11:13:46,397 | INFO     | httpx | HTTP Request: POST https://api.telegram.org/bot8895975047:AAE_eXzUepLl7GN1AkRT4Z-nakCYjCqDwrU/answerCallbackQuery "HTTP/1.1 200 OK"
2026-09-14 11:13:46,799 | INFO     | httpx | HTTP Request: POST https://api.telegram.org/bot8895975047:AAE_eXzUepLl7GN1AkRT4Z-nakCYjCqDwrU/editMessageText "HTTP/1.1 400 Bad Request"
2026-09-14 11:13:46,801 | ERROR    | telegram.ext.Application | No error handlers are registered, logging exception.
Traceback (most recent call last):
  File "/data/data/com.termux/files/usr/lib/python3.12/site-packages/telegram/ext/_application.py", line 1315, in process_update
    await coroutine
  File "/data/data/com.termux/files/usr/lib/python3.12/site-packages/telegram/ext/_handlers/basehandler.py", line 159, in handle_update
    return await self.callback(update, context)
           ^^^^^^^^^^^^^^^^^^^^^^^^^^^^^^^^^^^^
  File "/storage/emulated/0/Python/BOT/bot1.py", line 634, in on_callback
    await q.edit_message_text(
  File "/data/data/com.termux/files/usr/lib/python3.12/site-packages/telegram/_callbackquery.py", line 268, in edit_message_text
    return await self._get_message().edit_text(
           ^^^^^^^^^^^^^^^^^^^^^^^^^^^^^^^^^^^^
  File "/data/data/com.termux/files/usr/lib/python3.12/site-packages/telegram/_message.py", line 4142, in edit_text
    return await self.get_bot().edit_message_text(
           ^^^^^^^^^^^^^^^^^^^^^^^^^^^^^^^^^^^^^^^
  File "/data/data/com.termux/files/usr/lib/python3.12/site-packages/telegram/ext/_extbot.py", line 1735, in edit_message_text
    return await super().edit_message_text(
           ^^^^^^^^^^^^^^^^^^^^^^^^^^^^^^^^
  File "/data/data/com.termux/files/usr/lib/python3.12/site-packages/telegram/_bot.py", line 4463, in edit_message_text
    return await self._send_message(
           ^^^^^^^^^^^^^^^^^^^^^^^^^
  File "/data/data/com.termux/files/usr/lib/python3.12/site-packages/telegram/ext/_extbot.py", line 634, in _send_message
    result = await super()._send_message(
             ^^^^^^^^^^^^^^^^^^^^^^^^^^^^
  File "/data/data/com.termux/files/usr/lib/python3.12/site-packages/telegram/_bot.py", line 819, in _send_message
    result = await self._post(
             ^^^^^^^^^^^^^^^^^
  File "/data/data/com.termux/files/usr/lib/python3.12/site-packages/telegram/_bot.py", line 703, in _post
    return await self._do_post(
           ^^^^^^^^^^^^^^^^^^^^
  File "/data/data/com.termux/files/usr/lib/python3.12/site-packages/telegram/ext/_extbot.py", line 372, in _do_post
    return await super()._do_post(
           ^^^^^^^^^^^^^^^^^^^^^^^
  File "/data/data/com.termux/files/usr/lib/python3.12/site-packages/telegram/_bot.py", line 732, in _do_post
    result = await request.post(
             ^^^^^^^^^^^^^^^^^^^
  File "/data/data/com.termux/files/usr/lib/python3.12/site-packages/telegram/request/_baserequest.py", line 198, in post
    result = await self._request_wrapper(
             ^^^^^^^^^^^^^^^^^^^^^^^^^^^^
  File "/data/data/com.termux/files/usr/lib/python3.12/site-packages/telegram/request/_baserequest.py", line 375, in _request_wrapper
    raise exception
telegram.error.BadRequest: Message is not modified: specified new message content and reply markup are exactly the same as a current content and reply markup of the message
2026-09-14 11:13:47,641 | INFO     | httpx | HTTP Request: POST https://api.telegram.org/bot8895975047:AAE_eXzUepLl7GN1AkRT4Z-nakCYjCqDwrU/getUpdates "HTTP/1.1 200 OK"
2026-09-14 11:13:47,882 | INFO     | httpx | HTTP Request: POST https://api.telegram.org/bot8895975047:AAE_eXzUepLl7GN1AkRT4Z-nakCYjCqDwrU/getUpdates "HTTP/1.1 200 OK"
2026-09-14 11:13:48,031 | INFO     | httpx | HTTP Request: POST https://api.telegram.org/bot8895975047:AAE_eXzUepLl7GN1AkRT4Z-nakCYjCqDwrU/answerCallbackQuery "HTTP/1.1 200 OK"
2026-09-14 11:13:48,483 | INFO     | httpx | HTTP Request: POST https://api.telegram.org/bot8895975047:AAE_eXzUepLl7GN1AkRT4Z-nakCYjCqDwrU/editMessageText "HTTP/1.1 200 OK"
2026-09-14 11:13:48,871 | INFO     | httpx | HTTP Request: POST https://api.telegram.org/bot8895975047:AAE_eXzUepLl7GN1AkRT4Z-nakCYjCqDwrU/answerCallbackQuery "HTTP/1.1 200 OK"
2026-09-14 11:13:49,277 | INFO     | httpx | HTTP Request: POST https://api.telegram.org/bot8895975047:AAE_eXzUepLl7GN1AkRT4Z-nakCYjCqDwrU/editMessageText "HTTP/1.1 400 Bad Request"
2026-09-14 11:13:49,279 | ERROR    | telegram.ext.Application | No error handlers are registered, logging exception.
Traceback (most recent call last):
  File "/data/data/com.termux/files/usr/lib/python3.12/site-packages/telegram/ext/_application.py", line 1315, in process_update
    await coroutine
  File "/data/data/com.termux/files/usr/lib/python3.12/site-packages/telegram/ext/_handlers/basehandler.py", line 159, in handle_update
    return await self.callback(update, context)
           ^^^^^^^^^^^^^^^^^^^^^^^^^^^^^^^^^^^^
  File "/storage/emulated/0/Python/BOT/bot1.py", line 678, in on_callback
    await q.edit_message_text(
  File "/data/data/com.termux/files/usr/lib/python3.12/site-packages/telegram/_callbackquery.py", line 268, in edit_message_text
    return await self._get_message().edit_text(
           ^^^^^^^^^^^^^^^^^^^^^^^^^^^^^^^^^^^^
  File "/data/data/com.termux/files/usr/lib/python3.12/site-packages/telegram/_message.py", line 4142, in edit_text
    return await self.get_bot().edit_message_text(
           ^^^^^^^^^^^^^^^^^^^^^^^^^^^^^^^^^^^^^^^
  File "/data/data/com.termux/files/usr/lib/python3.12/site-packages/telegram/ext/_extbot.py", line 1735, in edit_message_text
    return await super().edit_message_text(
           ^^^^^^^^^^^^^^^^^^^^^^^^^^^^^^^^
  File "/data/data/com.termux/files/usr/lib/python3.12/site-packages/telegram/_bot.py", line 4463, in edit_message_text
    return await self._send_message(
           ^^^^^^^^^^^^^^^^^^^^^^^^^
  File "/data/data/com.termux/files/usr/lib/python3.12/site-packages/telegram/ext/_extbot.py", line 634, in _send_message
    result = await super()._send_message(
             ^^^^^^^^^^^^^^^^^^^^^^^^^^^^
  File "/data/data/com.termux/files/usr/lib/python3.12/site-packages/telegram/_bot.py", line 819, in _send_message
    result = await self._post(
             ^^^^^^^^^^^^^^^^^
  File "/data/data/com.termux/files/usr/lib/python3.12/site-packages/telegram/_bot.py", line 703, in _post
    return await self._do_post(
           ^^^^^^^^^^^^^^^^^^^^
  File "/data/data/com.termux/files/usr/lib/python3.12/site-packages/telegram/ext/_extbot.py", line 372, in _do_post
    return await super()._do_post(
           ^^^^^^^^^^^^^^^^^^^^^^^
  File "/data/data/com.termux/files/usr/lib/python3.12/site-packages/telegram/_bot.py", line 732, in _do_post
    result = await request.post(
             ^^^^^^^^^^^^^^^^^^^
  File "/data/data/com.termux/files/usr/lib/python3.12/site-packages/telegram/request/_baserequest.py", line 198, in post
    result = await self._request_wrapper(
             ^^^^^^^^^^^^^^^^^^^^^^^^^^^^
  File "/data/data/com.termux/files/usr/lib/python3.12/site-packages/telegram/request/_baserequest.py", line 375, in _request_wrapper
    raise exception
telegram.error.BadRequest: Message is not modified: specified new message content and reply markup are exactly the same as a current content and reply markup of the message
2026-09-14 11:13:58,188 | INFO     | httpx | HTTP Request: POST https://api.telegram.org/bot8895975047:AAE_eXzUepLl7GN1AkRT4Z-nakCYjCqDwrU/getUpdates "HTTP/1.1 200 OK"
2026-09-14 11:14:08,396 | INFO     | httpx | HTTP Request: POST https://api.telegram.org/bot8895975047:AAE_eXzUepLl7GN1AkRT4Z-nakCYjCqDwrU/getUpdates "HTTP/1.1 200 OK"
2026-09-14 11:14:44,786 | INFO     | httpx | HTTP Request: POST https://api.telegram.org/bot8895975047:AAE_eXzUepLl7GN1AkRT4Z-nakCYjCqDwrU/getUpdates "HTTP/1.1 200 OK"
2026-09-14 11:14:45,132 | INFO     | httpx | HTTP Request: POST https://api.telegram.org/bot8895975047:AAE_eXzUepLl7GN1AkRT4Z-nakCYjCqDwrU/getUpdates "HTTP/1.1 200 OK"
2026-09-14 11:14:45,987 | INFO     | httpx | HTTP Request: POST https://api.telegram.org/bot8895975047:AAE_eXzUepLl7GN1AkRT4Z-nakCYjCqDwrU/sendMessage "HTTP/1.1 200 OK"
2026-09-14 11:14:50,210 | INFO     | httpx | HTTP Request: POST https://api.telegram.org/bot8895975047:AAE_eXzUepLl7GN1AkRT4Z-nakCYjCqDwrU/getUpdates "HTTP/1.1 200 OK"
2026-09-14 11:14:50,427 | INFO     | httpx | HTTP Request: POST https://api.telegram.org/bot8895975047:AAE_eXzUepLl7GN1AkRT4Z-nakCYjCqDwrU/getUpdates "HTTP/1.1 200 OK"
2026-09-14 11:14:50,607 | INFO     | httpx | HTTP Request: POST https://api.telegram.org/bot8895975047:AAE_eXzUepLl7GN1AkRT4Z-nakCYjCqDwrU/answerCallbackQuery "HTTP/1.1 200 OK"
2026-09-14 11:14:51,047 | INFO     | httpx | HTTP Request: POST https://api.telegram.org/bot8895975047:AAE_eXzUepLl7GN1AkRT4Z-nakCYjCqDwrU/editMessageText "HTTP/1.1 200 OK"
2026-09-14 11:14:51,484 | INFO     | httpx | HTTP Request: POST https://api.telegram.org/bot8895975047:AAE_eXzUepLl7GN1AkRT4Z-nakCYjCqDwrU/answerCallbackQuery "HTTP/1.1 200 OK"
2026-09-14 11:14:52,260 | INFO     | httpx | HTTP Request: POST https://api.telegram.org/bot8895975047:AAE_eXzUepLl7GN1AkRT4Z-nakCYjCqDwrU/editMessageText "HTTP/1.1 400 Bad Request"
2026-09-14 11:14:52,262 | ERROR    | telegram.ext.Application | No error handlers are registered, logging exception.
Traceback (most recent call last):
  File "/data/data/com.termux/files/usr/lib/python3.12/site-packages/telegram/ext/_application.py", line 1315, in process_update
    await coroutine
  File "/data/data/com.termux/files/usr/lib/python3.12/site-packages/telegram/ext/_handlers/basehandler.py", line 159, in handle_update
    return await self.callback(update, context)
           ^^^^^^^^^^^^^^^^^^^^^^^^^^^^^^^^^^^^
  File "/storage/emulated/0/Python/BOT/bot1.py", line 704, in on_callback
    await q.edit_message_text(
  File "/data/data/com.termux/files/usr/lib/python3.12/site-packages/telegram/_callbackquery.py", line 268, in edit_message_text
    return await self._get_message().edit_text(
           ^^^^^^^^^^^^^^^^^^^^^^^^^^^^^^^^^^^^
  File "/data/data/com.termux/files/usr/lib/python3.12/site-packages/telegram/_message.py", line 4142, in edit_text
    return await self.get_bot().edit_message_text(
           ^^^^^^^^^^^^^^^^^^^^^^^^^^^^^^^^^^^^^^^
  File "/data/data/com.termux/files/usr/lib/python3.12/site-packages/telegram/ext/_extbot.py", line 1735, in edit_message_text
    return await super().edit_message_text(
           ^^^^^^^^^^^^^^^^^^^^^^^^^^^^^^^^
  File "/data/data/com.termux/files/usr/lib/python3.12/site-packages/telegram/_bot.py", line 4463, in edit_message_text
    return await self._send_message(
           ^^^^^^^^^^^^^^^^^^^^^^^^^
  File "/data/data/com.termux/files/usr/lib/python3.12/site-packages/telegram/ext/_extbot.py", line 634, in _send_message
    result = await super()._send_message(
             ^^^^^^^^^^^^^^^^^^^^^^^^^^^^
  File "/data/data/com.termux/files/usr/lib/python3.12/site-packages/telegram/_bot.py", line 819, in _send_message
    result = await self._post(
             ^^^^^^^^^^^^^^^^^
  File "/data/data/com.termux/files/usr/lib/python3.12/site-packages/telegram/_bot.py", line 703, in _post
    return await self._do_post(
           ^^^^^^^^^^^^^^^^^^^^
  File "/data/data/com.termux/files/usr/lib/python3.12/site-packages/telegram/ext/_extbot.py", line 372, in _do_post
    return await super()._do_post(
           ^^^^^^^^^^^^^^^^^^^^^^^
  File "/data/data/com.termux/files/usr/lib/python3.12/site-packages/telegram/_bot.py", line 732, in _do_post
    result = await request.post(
             ^^^^^^^^^^^^^^^^^^^
  File "/data/data/com.termux/files/usr/lib/python3.12/site-packages/telegram/request/_baserequest.py", line 198, in post
    result = await self._request_wrapper(
             ^^^^^^^^^^^^^^^^^^^^^^^^^^^^
  File "/data/data/com.termux/files/usr/lib/python3.12/site-packages/telegram/request/_baserequest.py", line 375, in _request_wrapper
    raise exception
telegram.error.BadRequest: Message is not modified: specified new message content and reply markup are exactly the same as a current content and reply markup of the message
2026-09-14 11:15:00,643 | INFO     | httpx | HTTP Request: POST https://api.telegram.org/bot8895975047:AAE_eXzUepLl7GN1AkRT4Z-nakCYjCqDwrU/getUpdates "HTTP/1.1 200 OK"
2026-09-14 11:59:51,928 | INFO     | __main__ | Bot online.
2026-09-14 12:00:07,100 | INFO     | __main__ | Bot online.
2026-09-14 12:00:07,829 | INFO     | httpx | HTTP Request: POST https://api.telegram.org/bot8895975047:AAE_eXzUepLl7GN1AkRT4Z-nakCYjCqDwrU/getMe "HTTP/1.1 200 OK"
2026-09-14 12:00:07,831 | INFO     | apscheduler.scheduler | Scheduler started
2026-09-14 12:00:07,831 | INFO     | telegram.ext.Application | Application started
2026-09-14 12:00:08,099 | INFO     | httpx | HTTP Request: POST https://api.telegram.org/bot8895975047:AAE_eXzUepLl7GN1AkRT4Z-nakCYjCqDwrU/deleteWebhook "HTTP/1.1 200 OK"
2026-09-14 12:00:13,458 | INFO     | httpx | HTTP Request: POST https://api.telegram.org/bot8895975047:AAE_eXzUepLl7GN1AkRT4Z-nakCYjCqDwrU/getUpdates "HTTP/1.1 200 OK"
2026-09-14 12:00:14,343 | INFO     | httpx | HTTP Request: POST https://api.telegram.org/bot8895975047:AAE_eXzUepLl7GN1AkRT4Z-nakCYjCqDwrU/answerCallbackQuery "HTTP/1.1 200 OK"
2026-09-14 12:00:14,806 | INFO     | httpx | HTTP Request: POST https://api.telegram.org/bot8895975047:AAE_eXzUepLl7GN1AkRT4Z-nakCYjCqDwrU/editMessageText "HTTP/1.1 200 OK"
2026-09-14 12:00:16,529 | INFO     | httpx | HTTP Request: POST https://api.telegram.org/bot8895975047:AAE_eXzUepLl7GN1AkRT4Z-nakCYjCqDwrU/getUpdates "HTTP/1.1 200 OK"
2026-09-14 12:00:16,942 | INFO     | httpx | HTTP Request: POST https://api.telegram.org/bot8895975047:AAE_eXzUepLl7GN1AkRT4Z-nakCYjCqDwrU/answerCallbackQuery "HTTP/1.1 200 OK"
2026-09-14 12:00:17,393 | INFO     | httpx | HTTP Request: POST https://api.telegram.org/bot8895975047:AAE_eXzUepLl7GN1AkRT4Z-nakCYjCqDwrU/editMessageText "HTTP/1.1 200 OK"
2026-09-14 12:00:23,902 | INFO     | httpx | HTTP Request: POST https://api.telegram.org/bot8895975047:AAE_eXzUepLl7GN1AkRT4Z-nakCYjCqDwrU/getUpdates "HTTP/1.1 200 OK"
2026-09-14 12:00:24,822 | INFO     | httpx | HTTP Request: POST https://api.telegram.org/bot8895975047:AAE_eXzUepLl7GN1AkRT4Z-nakCYjCqDwrU/answerCallbackQuery "HTTP/1.1 200 OK"
2026-09-14 12:00:25,220 | INFO     | httpx | HTTP Request: POST https://api.telegram.org/bot8895975047:AAE_eXzUepLl7GN1AkRT4Z-nakCYjCqDwrU/editMessageText "HTTP/1.1 200 OK"
2026-09-14 12:00:34,554 | INFO     | httpx | HTTP Request: POST https://api.telegram.org/bot8895975047:AAE_eXzUepLl7GN1AkRT4Z-nakCYjCqDwrU/getUpdates "HTTP/1.1 200 OK"
2026-09-14 12:00:47,074 | INFO     | httpx | HTTP Request: POST https://api.telegram.org/bot8895975047:AAE_eXzUepLl7GN1AkRT4Z-nakCYjCqDwrU/getUpdates "HTTP/1.1 200 OK"
2026-09-14 12:00:57,902 | INFO     | httpx | HTTP Request: POST https://api.telegram.org/bot8895975047:AAE_eXzUepLl7GN1AkRT4Z-nakCYjCqDwrU/getUpdates "HTTP/1.1 200 OK"
2026-09-14 12:01:03,059 | INFO     | httpx | HTTP Request: POST https://api.telegram.org/bot8895975047:AAE_eXzUepLl7GN1AkRT4Z-nakCYjCqDwrU/getUpdates "HTTP/1.1 200 OK"
2026-09-14 12:01:05,063 | INFO     | httpx | HTTP Request: POST https://api.telegram.org/bot8895975047:AAE_eXzUepLl7GN1AkRT4Z-nakCYjCqDwrU/getFile "HTTP/1.1 200 OK"
2026-09-14 12:01:05,708 | INFO     | httpx | HTTP Request: GET https://api.telegram.org/file/bot8895975047%3AAAE_eXzUepLl7GN1AkRT4Z-nakCYjCqDwrU/documents/file_0.txt "HTTP/1.1 200 OK"
2026-09-14 12:01:06,809 | INFO     | httpx | HTTP Request: POST https://api.telegram.org/bot8895975047:AAE_eXzUepLl7GN1AkRT4Z-nakCYjCqDwrU/sendMessage "HTTP/1.1 200 OK"
2026-09-14 12:01:13,287 | INFO     | httpx | HTTP Request: POST https://api.telegram.org/bot8895975047:AAE_eXzUepLl7GN1AkRT4Z-nakCYjCqDwrU/getUpdates "HTTP/1.1 200 OK"
2026-09-14 12:01:27,802 | INFO     | httpx | HTTP Request: POST https://api.telegram.org/bot8895975047:AAE_eXzUepLl7GN1AkRT4Z-nakCYjCqDwrU/getUpdates "HTTP/1.1 200 OK"
2026-09-14 12:01:28,031 | INFO     | httpx | HTTP Request: POST https://api.telegram.org/bot8895975047:AAE_eXzUepLl7GN1AkRT4Z-nakCYjCqDwrU/getUpdates "HTTP/1.1 200 OK"
2026-09-14 12:01:28,930 | INFO     | httpx | HTTP Request: POST https://api.telegram.org/bot8895975047:AAE_eXzUepLl7GN1AkRT4Z-nakCYjCqDwrU/answerCallbackQuery "HTTP/1.1 200 OK"
2026-09-14 12:01:29,342 | INFO     | httpx | HTTP Request: POST https://api.telegram.org/bot8895975047:AAE_eXzUepLl7GN1AkRT4Z-nakCYjCqDwrU/editMessageText "HTTP/1.1 200 OK"
2026-09-14 12:01:30,027 | INFO     | httpx | HTTP Request: POST https://api.telegram.org/bot8895975047:AAE_eXzUepLl7GN1AkRT4Z-nakCYjCqDwrU/answerCallbackQuery "HTTP/1.1 200 OK"
2026-09-14 12:01:30,418 | INFO     | httpx | HTTP Request: POST https://api.telegram.org/bot8895975047:AAE_eXzUepLl7GN1AkRT4Z-nakCYjCqDwrU/getUpdates "HTTP/1.1 200 OK"
2026-09-14 12:01:30,606 | INFO     | httpx | HTTP Request: POST https://api.telegram.org/bot8895975047:AAE_eXzUepLl7GN1AkRT4Z-nakCYjCqDwrU/editMessageText "HTTP/1.1 400 Bad Request"
2026-09-14 12:01:30,609 | ERROR    | telegram.ext.Application | No error handlers are registered, logging exception.
Traceback (most recent call last):
  File "/data/data/com.termux/files/usr/lib/python3.12/site-packages/telegram/ext/_application.py", line 1315, in process_update
    await coroutine
  File "/data/data/com.termux/files/usr/lib/python3.12/site-packages/telegram/ext/_handlers/basehandler.py", line 159, in handle_update
    return await self.callback(update, context)
           ^^^^^^^^^^^^^^^^^^^^^^^^^^^^^^^^^^^^
  File "/storage/emulated/0/Python/BOT/bot1.py", line 639, in on_callback
    await q.edit_message_text(
  File "/data/data/com.termux/files/usr/lib/python3.12/site-packages/telegram/_callbackquery.py", line 268, in edit_message_text
    return await self._get_message().edit_text(
           ^^^^^^^^^^^^^^^^^^^^^^^^^^^^^^^^^^^^
  File "/data/data/com.termux/files/usr/lib/python3.12/site-packages/telegram/_message.py", line 4142, in edit_text
    return await self.get_bot().edit_message_text(
           ^^^^^^^^^^^^^^^^^^^^^^^^^^^^^^^^^^^^^^^
  File "/data/data/com.termux/files/usr/lib/python3.12/site-packages/telegram/ext/_extbot.py", line 1735, in edit_message_text
    return await super().edit_message_text(
           ^^^^^^^^^^^^^^^^^^^^^^^^^^^^^^^^
  File "/data/data/com.termux/files/usr/lib/python3.12/site-packages/telegram/_bot.py", line 4463, in edit_message_text
    return await self._send_message(
           ^^^^^^^^^^^^^^^^^^^^^^^^^
  File "/data/data/com.termux/files/usr/lib/python3.12/site-packages/telegram/ext/_extbot.py", line 634, in _send_message
    result = await super()._send_message(
             ^^^^^^^^^^^^^^^^^^^^^^^^^^^^
  File "/data/data/com.termux/files/usr/lib/python3.12/site-packages/telegram/_bot.py", line 819, in _send_message
    result = await self._post(
             ^^^^^^^^^^^^^^^^^
  File "/data/data/com.termux/files/usr/lib/python3.12/site-packages/telegram/_bot.py", line 703, in _post
    return await self._do_post(
           ^^^^^^^^^^^^^^^^^^^^
  File "/data/data/com.termux/files/usr/lib/python3.12/site-packages/telegram/ext/_extbot.py", line 372, in _do_post
    return await super()._do_post(
           ^^^^^^^^^^^^^^^^^^^^^^^
  File "/data/data/com.termux/files/usr/lib/python3.12/site-packages/telegram/_bot.py", line 732, in _do_post
    result = await request.post(
             ^^^^^^^^^^^^^^^^^^^
  File "/data/data/com.termux/files/usr/lib/python3.12/site-packages/telegram/request/_baserequest.py", line 198, in post
    result = await self._request_wrapper(
             ^^^^^^^^^^^^^^^^^^^^^^^^^^^^
  File "/data/data/com.termux/files/usr/lib/python3.12/site-packages/telegram/request/_baserequest.py", line 375, in _request_wrapper
    raise exception
telegram.error.BadRequest: Message is not modified: specified new message content and reply markup are exactly the same as a current content and reply markup of the message
2026-09-14 12:01:31,385 | INFO     | httpx | HTTP Request: POST https://api.telegram.org/bot8895975047:AAE_eXzUepLl7GN1AkRT4Z-nakCYjCqDwrU/answerCallbackQuery "HTTP/1.1 200 OK"
2026-09-14 12:01:40,814 | INFO     | httpx | HTTP Request: POST https://api.telegram.org/bot8895975047:AAE_eXzUepLl7GN1AkRT4Z-nakCYjCqDwrU/getUpdates "HTTP/1.1 200 OK"
2026-09-14 12:01:41,694 | INFO     | httpx | HTTP Request: POST https://api.telegram.org/bot8895975047:AAE_eXzUepLl7GN1AkRT4Z-nakCYjCqDwrU/getUpdates "HTTP/1.1 200 OK"
2026-09-14 12:01:41,915 | INFO     | httpx | HTTP Request: POST https://api.telegram.org/bot8895975047:AAE_eXzUepLl7GN1AkRT4Z-nakCYjCqDwrU/getUpdates "HTTP/1.1 200 OK"
2026-09-14 12:01:42,586 | INFO     | httpx | HTTP Request: POST https://api.telegram.org/bot8895975047:AAE_eXzUepLl7GN1AkRT4Z-nakCYjCqDwrU/answerCallbackQuery "HTTP/1.1 200 OK"
2026-09-14 12:01:43,109 | INFO     | httpx | HTTP Request: POST https://api.telegram.org/bot8895975047:AAE_eXzUepLl7GN1AkRT4Z-nakCYjCqDwrU/answerCallbackQuery "HTTP/1.1 200 OK"
2026-09-14 12:01:48,752 | INFO     | httpx | HTTP Request: POST https://api.telegram.org/bot8895975047:AAE_eXzUepLl7GN1AkRT4Z-nakCYjCqDwrU/getUpdates "HTTP/1.1 200 OK"
2026-09-14 12:01:48,975 | INFO     | httpx | HTTP Request: POST https://api.telegram.org/bot8895975047:AAE_eXzUepLl7GN1AkRT4Z-nakCYjCqDwrU/getUpdates "HTTP/1.1 200 OK"
2026-09-14 12:01:49,656 | INFO     | httpx | HTTP Request: POST https://api.telegram.org/bot8895975047:AAE_eXzUepLl7GN1AkRT4Z-nakCYjCqDwrU/answerCallbackQuery "HTTP/1.1 200 OK"
2026-09-14 12:01:50,228 | INFO     | httpx | HTTP Request: POST https://api.telegram.org/bot8895975047:AAE_eXzUepLl7GN1AkRT4Z-nakCYjCqDwrU/answerCallbackQuery "HTTP/1.1 200 OK"
2026-09-14 12:01:59,237 | INFO     | httpx | HTTP Request: POST https://api.telegram.org/bot8895975047:AAE_eXzUepLl7GN1AkRT4Z-nakCYjCqDwrU/getUpdates "HTTP/1.1 200 OK"
2026-09-14 12:02:09,501 | INFO     | httpx | HTTP Request: POST https://api.telegram.org/bot8895975047:AAE_eXzUepLl7GN1AkRT4Z-nakCYjCqDwrU/getUpdates "HTTP/1.1 200 OK"
2026-09-14 12:02:43,636 | INFO     | __main__ | Bot online.
2026-09-14 12:02:44,454 | INFO     | httpx | HTTP Request: POST https://api.telegram.org/bot8895975047:AAE_eXzUepLl7GN1AkRT4Z-nakCYjCqDwrU/getMe "HTTP/1.1 200 OK"
2026-09-14 12:02:44,458 | INFO     | apscheduler.scheduler | Scheduler started
2026-09-14 12:02:44,459 | INFO     | telegram.ext.Application | Application started
2026-09-14 12:02:44,681 | INFO     | httpx | HTTP Request: POST https://api.telegram.org/bot8895975047:AAE_eXzUepLl7GN1AkRT4Z-nakCYjCqDwrU/deleteWebhook "HTTP/1.1 200 OK"
2026-09-14 12:02:46,427 | INFO     | httpx | HTTP Request: POST https://api.telegram.org/bot8895975047:AAE_eXzUepLl7GN1AkRT4Z-nakCYjCqDwrU/getUpdates "HTTP/1.1 200 OK"
2026-09-14 12:02:46,830 | INFO     | httpx | HTTP Request: POST https://api.telegram.org/bot8895975047:AAE_eXzUepLl7GN1AkRT4Z-nakCYjCqDwrU/answerCallbackQuery "HTTP/1.1 200 OK"
2026-09-14 12:02:49,337 | INFO     | httpx | HTTP Request: POST https://api.telegram.org/bot8895975047:AAE_eXzUepLl7GN1AkRT4Z-nakCYjCqDwrU/getUpdates "HTTP/1.1 200 OK"
2026-09-14 12:02:49,738 | INFO     | httpx | HTTP Request: POST https://api.telegram.org/bot8895975047:AAE_eXzUepLl7GN1AkRT4Z-nakCYjCqDwrU/answerCallbackQuery "HTTP/1.1 200 OK"
2026-09-14 12:02:50,180 | INFO     | httpx | HTTP Request: POST https://api.telegram.org/bot8895975047:AAE_eXzUepLl7GN1AkRT4Z-nakCYjCqDwrU/editMessageText "HTTP/1.1 200 OK"
2026-09-14 12:02:51,055 | INFO     | httpx | HTTP Request: POST https://api.telegram.org/bot8895975047:AAE_eXzUepLl7GN1AkRT4Z-nakCYjCqDwrU/getUpdates "HTTP/1.1 200 OK"
2026-09-14 12:02:51,446 | INFO     | httpx | HTTP Request: POST https://api.telegram.org/bot8895975047:AAE_eXzUepLl7GN1AkRT4Z-nakCYjCqDwrU/answerCallbackQuery "HTTP/1.1 200 OK"
2026-09-14 12:02:51,975 | INFO     | httpx | HTTP Request: POST https://api.telegram.org/bot8895975047:AAE_eXzUepLl7GN1AkRT4Z-nakCYjCqDwrU/editMessageText "HTTP/1.1 200 OK"
2026-09-14 12:02:52,694 | INFO     | httpx | HTTP Request: POST https://api.telegram.org/bot8895975047:AAE_eXzUepLl7GN1AkRT4Z-nakCYjCqDwrU/getUpdates "HTTP/1.1 200 OK"
2026-09-14 12:02:53,017 | INFO     | httpx | HTTP Request: POST https://api.telegram.org/bot8895975047:AAE_eXzUepLl7GN1AkRT4Z-nakCYjCqDwrU/getUpdates "HTTP/1.1 200 OK"
2026-09-14 12:02:53,119 | INFO     | httpx | HTTP Request: POST https://api.telegram.org/bot8895975047:AAE_eXzUepLl7GN1AkRT4Z-nakCYjCqDwrU/answerCallbackQuery "HTTP/1.1 200 OK"
2026-09-14 12:02:53,818 | INFO     | httpx | HTTP Request: POST https://api.telegram.org/bot8895975047:AAE_eXzUepLl7GN1AkRT4Z-nakCYjCqDwrU/answerCallbackQuery "HTTP/1.1 200 OK"
2026-09-14 12:02:53,998 | INFO     | httpx | HTTP Request: POST https://api.telegram.org/bot8895975047:AAE_eXzUepLl7GN1AkRT4Z-nakCYjCqDwrU/getUpdates "HTTP/1.1 200 OK"
2026-09-14 12:02:54,636 | INFO     | httpx | HTTP Request: POST https://api.telegram.org/bot8895975047:AAE_eXzUepLl7GN1AkRT4Z-nakCYjCqDwrU/answerCallbackQuery "HTTP/1.1 200 OK"
2026-09-14 12:03:01,238 | INFO     | httpx | HTTP Request: POST https://api.telegram.org/bot8895975047:AAE_eXzUepLl7GN1AkRT4Z-nakCYjCqDwrU/getUpdates "HTTP/1.1 200 OK"
2026-09-14 12:03:02,379 | INFO     | httpx | HTTP Request: POST https://api.telegram.org/bot8895975047:AAE_eXzUepLl7GN1AkRT4Z-nakCYjCqDwrU/answerCallbackQuery "HTTP/1.1 200 OK"
2026-09-14 12:03:02,938 | INFO     | httpx | HTTP Request: POST https://api.telegram.org/bot8895975047:AAE_eXzUepLl7GN1AkRT4Z-nakCYjCqDwrU/editMessageText "HTTP/1.1 200 OK"
2026-09-14 12:03:06,752 | INFO     | httpx | HTTP Request: POST https://api.telegram.org/bot8895975047:AAE_eXzUepLl7GN1AkRT4Z-nakCYjCqDwrU/getUpdates "HTTP/1.1 200 OK"
2026-09-14 12:03:07,149 | INFO     | httpx | HTTP Request: POST https://api.telegram.org/bot8895975047:AAE_eXzUepLl7GN1AkRT4Z-nakCYjCqDwrU/answerCallbackQuery "HTTP/1.1 200 OK"
2026-09-14 12:03:07,751 | INFO     | httpx | HTTP Request: POST https://api.telegram.org/bot8895975047:AAE_eXzUepLl7GN1AkRT4Z-nakCYjCqDwrU/editMessageText "HTTP/1.1 200 OK"
2026-09-14 12:03:10,885 | INFO     | httpx | HTTP Request: POST https://api.telegram.org/bot8895975047:AAE_eXzUepLl7GN1AkRT4Z-nakCYjCqDwrU/getUpdates "HTTP/1.1 200 OK"
2026-09-14 12:03:11,749 | INFO     | httpx | HTTP Request: POST https://api.telegram.org/bot8895975047:AAE_eXzUepLl7GN1AkRT4Z-nakCYjCqDwrU/getUpdates "HTTP/1.1 200 OK"
2026-09-14 12:03:11,752 | INFO     | httpx | HTTP Request: POST https://api.telegram.org/bot8895975047:AAE_eXzUepLl7GN1AkRT4Z-nakCYjCqDwrU/answerCallbackQuery "HTTP/1.1 200 OK"
2026-09-14 12:03:12,461 | INFO     | httpx | HTTP Request: POST https://api.telegram.org/bot8895975047:AAE_eXzUepLl7GN1AkRT4Z-nakCYjCqDwrU/getUpdates "HTTP/1.1 200 OK"
2026-09-14 12:03:12,999 | INFO     | httpx | HTTP Request: POST https://api.telegram.org/bot8895975047:AAE_eXzUepLl7GN1AkRT4Z-nakCYjCqDwrU/editMessageText "HTTP/1.1 200 OK"
2026-09-14 12:03:14,444 | INFO     | httpx | HTTP Request: POST https://api.telegram.org/bot8895975047:AAE_eXzUepLl7GN1AkRT4Z-nakCYjCqDwrU/answerCallbackQuery "HTTP/1.1 200 OK"
2026-09-14 12:03:17,356 | INFO     | httpx | HTTP Request: POST https://api.telegram.org/bot8895975047:AAE_eXzUepLl7GN1AkRT4Z-nakCYjCqDwrU/getUpdates "HTTP/1.1 200 OK"
2026-09-14 12:03:17,366 | INFO     | httpx | HTTP Request: POST https://api.telegram.org/bot8895975047:AAE_eXzUepLl7GN1AkRT4Z-nakCYjCqDwrU/editMessageText "HTTP/1.1 400 Bad Request"
2026-09-14 12:03:17,369 | ERROR    | telegram.ext.Application | No error handlers are registered, logging exception.
Traceback (most recent call last):
  File "/data/data/com.termux/files/usr/lib/python3.12/site-packages/telegram/ext/_application.py", line 1315, in process_update
    await coroutine
  File "/data/data/com.termux/files/usr/lib/python3.12/site-packages/telegram/ext/_handlers/basehandler.py", line 159, in handle_update
    return await self.callback(update, context)
           ^^^^^^^^^^^^^^^^^^^^^^^^^^^^^^^^^^^^
  File "/storage/emulated/0/Python/BOT/bot1.py", line 709, in on_callback
    await q.edit_message_text(
  File "/data/data/com.termux/files/usr/lib/python3.12/site-packages/telegram/_callbackquery.py", line 268, in edit_message_text
    return await self._get_message().edit_text(
           ^^^^^^^^^^^^^^^^^^^^^^^^^^^^^^^^^^^^
  File "/data/data/com.termux/files/usr/lib/python3.12/site-packages/telegram/_message.py", line 4142, in edit_text
    return await self.get_bot().edit_message_text(
           ^^^^^^^^^^^^^^^^^^^^^^^^^^^^^^^^^^^^^^^
  File "/data/data/com.termux/files/usr/lib/python3.12/site-packages/telegram/ext/_extbot.py", line 1735, in edit_message_text
    return await super().edit_message_text(
           ^^^^^^^^^^^^^^^^^^^^^^^^^^^^^^^^
  File "/data/data/com.termux/files/usr/lib/python3.12/site-packages/telegram/_bot.py", line 4463, in edit_message_text
    return await self._send_message(
           ^^^^^^^^^^^^^^^^^^^^^^^^^
  File "/data/data/com.termux/files/usr/lib/python3.12/site-packages/telegram/ext/_extbot.py", line 634, in _send_message
    result = await super()._send_message(
             ^^^^^^^^^^^^^^^^^^^^^^^^^^^^
  File "/data/data/com.termux/files/usr/lib/python3.12/site-packages/telegram/_bot.py", line 819, in _send_message
    result = await self._post(
             ^^^^^^^^^^^^^^^^^
  File "/data/data/com.termux/files/usr/lib/python3.12/site-packages/telegram/_bot.py", line 703, in _post
    return await self._do_post(
           ^^^^^^^^^^^^^^^^^^^^
  File "/data/data/com.termux/files/usr/lib/python3.12/site-packages/telegram/ext/_extbot.py", line 372, in _do_post
    return await super()._do_post(
           ^^^^^^^^^^^^^^^^^^^^^^^
  File "/data/data/com.termux/files/usr/lib/python3.12/site-packages/telegram/_bot.py", line 732, in _do_post
    result = await request.post(
             ^^^^^^^^^^^^^^^^^^^
  File "/data/data/com.termux/files/usr/lib/python3.12/site-packages/telegram/request/_baserequest.py", line 198, in post
    result = await self._request_wrapper(
             ^^^^^^^^^^^^^^^^^^^^^^^^^^^^
  File "/data/data/com.termux/files/usr/lib/python3.12/site-packages/telegram/request/_baserequest.py", line 375, in _request_wrapper
    raise exception
telegram.error.BadRequest: Message is not modified: specified new message content and reply markup are exactly the same as a current content and reply markup of the message
2026-09-14 12:03:22,396 | ERROR    | telegram.ext.Application | No error handlers are registered, logging exception.
Traceback (most recent call last):
  File "/data/data/com.termux/files/usr/lib/python3.12/site-packages/httpx/_transports/default.py", line 101, in map_httpcore_exceptions
    yield
  File "/data/data/com.termux/files/usr/lib/python3.12/site-packages/httpx/_transports/default.py", line 394, in handle_async_request
    resp = await self._pool.handle_async_request(req)
           ^^^^^^^^^^^^^^^^^^^^^^^^^^^^^^^^^^^^^^^^^^
  File "/data/data/com.termux/files/usr/lib/python3.12/site-packages/httpcore/_async/connection_pool.py", line 256, in handle_async_request
    raise exc from None
  File "/data/data/com.termux/files/usr/lib/python3.12/site-packages/httpcore/_async/connection_pool.py", line 236, in handle_async_request
    response = await connection.handle_async_request(
               ^^^^^^^^^^^^^^^^^^^^^^^^^^^^^^^^^^^^^^
  File "/data/data/com.termux/files/usr/lib/python3.12/site-packages/httpcore/_async/connection.py", line 103, in handle_async_request
    return await self._connection.handle_async_request(request)
           ^^^^^^^^^^^^^^^^^^^^^^^^^^^^^^^^^^^^^^^^^^^^^^^^^^^^
  File "/data/data/com.termux/files/usr/lib/python3.12/site-packages/httpcore/_async/http11.py", line 136, in handle_async_request
    raise exc
  File "/data/data/com.termux/files/usr/lib/python3.12/site-packages/httpcore/_async/http11.py", line 106, in handle_async_request
    ) = await self._receive_response_headers(**kwargs)
        ^^^^^^^^^^^^^^^^^^^^^^^^^^^^^^^^^^^^^^^^^^^^^^
  File "/data/data/com.termux/files/usr/lib/python3.12/site-packages/httpcore/_async/http11.py", line 177, in _receive_response_headers
    event = await self._receive_event(timeout=timeout)
            ^^^^^^^^^^^^^^^^^^^^^^^^^^^^^^^^^^^^^^^^^^
  File "/data/data/com.termux/files/usr/lib/python3.12/site-packages/httpcore/_async/http11.py", line 217, in _receive_event
    data = await self._network_stream.read(
           ^^^^^^^^^^^^^^^^^^^^^^^^^^^^^^^^
  File "/data/data/com.termux/files/usr/lib/python3.12/site-packages/httpcore/_backends/anyio.py", line 32, in read
    with map_exceptions(exc_map):
         ^^^^^^^^^^^^^^^^^^^^^^^
  File "/data/data/com.termux/files/usr/lib/python3.12/contextlib.py", line 158, in __exit__
    self.gen.throw(value)
  File "/data/data/com.termux/files/usr/lib/python3.12/site-packages/httpcore/_exceptions.py", line 14, in map_exceptions
    raise to_exc(exc) from exc
httpcore.ReadTimeout

The above exception was the direct cause of the following exception:

Traceback (most recent call last):
  File "/data/data/com.termux/files/usr/lib/python3.12/site-packages/telegram/request/_httpxrequest.py", line 279, in do_request
    res = await self._client.request(
          ^^^^^^^^^^^^^^^^^^^^^^^^^^^
  File "/data/data/com.termux/files/usr/lib/python3.12/site-packages/httpx/_client.py", line 1540, in request
    return await self.send(request, auth=auth, follow_redirects=follow_redirects)
           ^^^^^^^^^^^^^^^^^^^^^^^^^^^^^^^^^^^^^^^^^^^^^^^^^^^^^^^^^^^^^^^^^^^^^^
  File "/data/data/com.termux/files/usr/lib/python3.12/site-packages/httpx/_client.py", line 1629, in send
    response = await self._send_handling_auth(
               ^^^^^^^^^^^^^^^^^^^^^^^^^^^^^^^
  File "/data/data/com.termux/files/usr/lib/python3.12/site-packages/httpx/_client.py", line 1657, in _send_handling_auth
    response = await self._send_handling_redirects(
               ^^^^^^^^^^^^^^^^^^^^^^^^^^^^^^^^^^^^
  File "/data/data/com.termux/files/usr/lib/python3.12/site-packages/httpx/_client.py", line 1694, in _send_handling_redirects
    response = await self._send_single_request(request)
               ^^^^^^^^^^^^^^^^^^^^^^^^^^^^^^^^^^^^^^^^
  File "/data/data/com.termux/files/usr/lib/python3.12/site-packages/httpx/_client.py", line 1730, in _send_single_request
    response = await transport.handle_async_request(request)
               ^^^^^^^^^^^^^^^^^^^^^^^^^^^^^^^^^^^^^^^^^^^^^
  File "/data/data/com.termux/files/usr/lib/python3.12/site-packages/httpx/_transports/default.py", line 393, in handle_async_request
    with map_httpcore_exceptions():
         ^^^^^^^^^^^^^^^^^^^^^^^^^
  File "/data/data/com.termux/files/usr/lib/python3.12/contextlib.py", line 158, in __exit__
    self.gen.throw(value)
  File "/data/data/com.termux/files/usr/lib/python3.12/site-packages/httpx/_transports/default.py", line 118, in map_httpcore_exceptions
    raise mapped_exc(message) from exc
httpx.ReadTimeout

The above exception was the direct cause of the following exception:

Traceback (most recent call last):
  File "/data/data/com.termux/files/usr/lib/python3.12/site-packages/telegram/ext/_application.py", line 1315, in process_update
    await coroutine
  File "/data/data/com.termux/files/usr/lib/python3.12/site-packages/telegram/ext/_handlers/basehandler.py", line 159, in handle_update
    return await self.callback(update, context)
           ^^^^^^^^^^^^^^^^^^^^^^^^^^^^^^^^^^^^
  File "/storage/emulated/0/Python/BOT/bot1.py", line 560, in on_callback
    await q.answer()
  File "/data/data/com.termux/files/usr/lib/python3.12/site-packages/telegram/_callbackquery.py", line 189, in answer
    return await self.get_bot().answer_callback_query(
           ^^^^^^^^^^^^^^^^^^^^^^^^^^^^^^^^^^^^^^^^^^^
  File "/data/data/com.termux/files/usr/lib/python3.12/site-packages/telegram/ext/_extbot.py", line 972, in answer_callback_query
    return await super().answer_callback_query(
           ^^^^^^^^^^^^^^^^^^^^^^^^^^^^^^^^^^^^
  File "/data/data/com.termux/files/usr/lib/python3.12/site-packages/telegram/_bot.py", line 4360, in answer_callback_query
    return await self._post(
           ^^^^^^^^^^^^^^^^^
  File "/data/data/com.termux/files/usr/lib/python3.12/site-packages/telegram/_bot.py", line 703, in _post
    return await self._do_post(
           ^^^^^^^^^^^^^^^^^^^^
  File "/data/data/com.termux/files/usr/lib/python3.12/site-packages/telegram/ext/_extbot.py", line 372, in _do_post
    return await super()._do_post(
           ^^^^^^^^^^^^^^^^^^^^^^^
  File "/data/data/com.termux/files/usr/lib/python3.12/site-packages/telegram/_bot.py", line 732, in _do_post
    result = await request.post(
             ^^^^^^^^^^^^^^^^^^^
  File "/data/data/com.termux/files/usr/lib/python3.12/site-packages/telegram/request/_baserequest.py", line 198, in post
    result = await self._request_wrapper(
             ^^^^^^^^^^^^^^^^^^^^^^^^^^^^
  File "/data/data/com.termux/files/usr/lib/python3.12/site-packages/telegram/request/_baserequest.py", line 305, in _request_wrapper
    code, payload = await self.do_request(
                    ^^^^^^^^^^^^^^^^^^^^^^
  File "/data/data/com.termux/files/usr/lib/python3.12/site-packages/telegram/request/_httpxrequest.py", line 296, in do_request
    raise TimedOut from err
telegram.error.TimedOut: Timed out
2026-09-14 12:03:27,426 | ERROR    | telegram.ext.Application | No error handlers are registered, logging exception.
Traceback (most recent call last):
  File "/data/data/com.termux/files/usr/lib/python3.12/site-packages/httpx/_transports/default.py", line 101, in map_httpcore_exceptions
    yield
  File "/data/data/com.termux/files/usr/lib/python3.12/site-packages/httpx/_transports/default.py", line 394, in handle_async_request
    resp = await self._pool.handle_async_request(req)
           ^^^^^^^^^^^^^^^^^^^^^^^^^^^^^^^^^^^^^^^^^^
  File "/data/data/com.termux/files/usr/lib/python3.12/site-packages/httpcore/_async/connection_pool.py", line 256, in handle_async_request
    raise exc from None
  File "/data/data/com.termux/files/usr/lib/python3.12/site-packages/httpcore/_async/connection_pool.py", line 236, in handle_async_request
    response = await connection.handle_async_request(
               ^^^^^^^^^^^^^^^^^^^^^^^^^^^^^^^^^^^^^^
  File "/data/data/com.termux/files/usr/lib/python3.12/site-packages/httpcore/_async/connection.py", line 101, in handle_async_request
    raise exc
  File "/data/data/com.termux/files/usr/lib/python3.12/site-packages/httpcore/_async/connection.py", line 78, in handle_async_request
    stream = await self._connect(request)
             ^^^^^^^^^^^^^^^^^^^^^^^^^^^^
  File "/data/data/com.termux/files/usr/lib/python3.12/site-packages/httpcore/_async/connection.py", line 124, in _connect
    stream = await self._network_backend.connect_tcp(**kwargs)
             ^^^^^^^^^^^^^^^^^^^^^^^^^^^^^^^^^^^^^^^^^^^^^^^^^
  File "/data/data/com.termux/files/usr/lib/python3.12/site-packages/httpcore/_backends/auto.py", line 31, in connect_tcp
    return await self._backend.connect_tcp(
           ^^^^^^^^^^^^^^^^^^^^^^^^^^^^^^^^
  File "/data/data/com.termux/files/usr/lib/python3.12/site-packages/httpcore/_backends/anyio.py", line 113, in connect_tcp
    with map_exceptions(exc_map):
         ^^^^^^^^^^^^^^^^^^^^^^^
  File "/data/data/com.termux/files/usr/lib/python3.12/contextlib.py", line 158, in __exit__
    self.gen.throw(value)
  File "/data/data/com.termux/files/usr/lib/python3.12/site-packages/httpcore/_exceptions.py", line 14, in map_exceptions
    raise to_exc(exc) from exc
httpcore.ConnectTimeout

The above exception was the direct cause of the following exception:

Traceback (most recent call last):
  File "/data/data/com.termux/files/usr/lib/python3.12/site-packages/telegram/request/_httpxrequest.py", line 279, in do_request
    res = await self._client.request(
          ^^^^^^^^^^^^^^^^^^^^^^^^^^^
  File "/data/data/com.termux/files/usr/lib/python3.12/site-packages/httpx/_client.py", line 1540, in request
    return await self.send(request, auth=auth, follow_redirects=follow_redirects)
           ^^^^^^^^^^^^^^^^^^^^^^^^^^^^^^^^^^^^^^^^^^^^^^^^^^^^^^^^^^^^^^^^^^^^^^
  File "/data/data/com.termux/files/usr/lib/python3.12/site-packages/httpx/_client.py", line 1629, in send
    response = await self._send_handling_auth(
               ^^^^^^^^^^^^^^^^^^^^^^^^^^^^^^^
  File "/data/data/com.termux/files/usr/lib/python3.12/site-packages/httpx/_client.py", line 1657, in _send_handling_auth
    response = await self._send_handling_redirects(
               ^^^^^^^^^^^^^^^^^^^^^^^^^^^^^^^^^^^^
  File "/data/data/com.termux/files/usr/lib/python3.12/site-packages/httpx/_client.py", line 1694, in _send_handling_redirects
    response = await self._send_single_request(request)
               ^^^^^^^^^^^^^^^^^^^^^^^^^^^^^^^^^^^^^^^^
  File "/data/data/com.termux/files/usr/lib/python3.12/site-packages/httpx/_client.py", line 1730, in _send_single_request
    response = await transport.handle_async_request(request)
               ^^^^^^^^^^^^^^^^^^^^^^^^^^^^^^^^^^^^^^^^^^^^^
  File "/data/data/com.termux/files/usr/lib/python3.12/site-packages/httpx/_transports/default.py", line 393, in handle_async_request
    with map_httpcore_exceptions():
         ^^^^^^^^^^^^^^^^^^^^^^^^^
  File "/data/data/com.termux/files/usr/lib/python3.12/contextlib.py", line 158, in __exit__
    self.gen.throw(value)
  File "/data/data/com.termux/files/usr/lib/python3.12/site-packages/httpx/_transports/default.py", line 118, in map_httpcore_exceptions
    raise mapped_exc(message) from exc
httpx.ConnectTimeout

The above exception was the direct cause of the following exception:

Traceback (most recent call last):
  File "/data/data/com.termux/files/usr/lib/python3.12/site-packages/telegram/ext/_application.py", line 1315, in process_update
    await coroutine
  File "/data/data/com.termux/files/usr/lib/python3.12/site-packages/telegram/ext/_handlers/basehandler.py", line 159, in handle_update
    return await self.callback(update, context)
           ^^^^^^^^^^^^^^^^^^^^^^^^^^^^^^^^^^^^
  File "/storage/emulated/0/Python/BOT/bot1.py", line 560, in on_callback
    await q.answer()
  File "/data/data/com.termux/files/usr/lib/python3.12/site-packages/telegram/_callbackquery.py", line 189, in answer
    return await self.get_bot().answer_callback_query(
           ^^^^^^^^^^^^^^^^^^^^^^^^^^^^^^^^^^^^^^^^^^^
  File "/data/data/com.termux/files/usr/lib/python3.12/site-packages/telegram/ext/_extbot.py", line 972, in answer_callback_query
    return await super().answer_callback_query(
           ^^^^^^^^^^^^^^^^^^^^^^^^^^^^^^^^^^^^
  File "/data/data/com.termux/files/usr/lib/python3.12/site-packages/telegram/_bot.py", line 4360, in answer_callback_query
    return await self._post(
           ^^^^^^^^^^^^^^^^^
  File "/data/data/com.termux/files/usr/lib/python3.12/site-packages/telegram/_bot.py", line 703, in _post
    return await self._do_post(
           ^^^^^^^^^^^^^^^^^^^^
  File "/data/data/com.termux/files/usr/lib/python3.12/site-packages/telegram/ext/_extbot.py", line 372, in _do_post
    return await super()._do_post(
           ^^^^^^^^^^^^^^^^^^^^^^^
  File "/data/data/com.termux/files/usr/lib/python3.12/site-packages/telegram/_bot.py", line 732, in _do_post
    result = await request.post(
             ^^^^^^^^^^^^^^^^^^^
  File "/data/data/com.termux/files/usr/lib/python3.12/site-packages/telegram/request/_baserequest.py", line 198, in post
    result = await self._request_wrapper(
             ^^^^^^^^^^^^^^^^^^^^^^^^^^^^
  File "/data/data/com.termux/files/usr/lib/python3.12/site-packages/telegram/request/_baserequest.py", line 305, in _request_wrapper
    code, payload = await self.do_request(
                    ^^^^^^^^^^^^^^^^^^^^^^
  File "/data/data/com.termux/files/usr/lib/python3.12/site-packages/telegram/request/_httpxrequest.py", line 296, in do_request
    raise TimedOut from err
telegram.error.TimedOut: Timed out
2026-09-14 12:03:32,440 | ERROR    | telegram.ext.Application | No error handlers are registered, logging exception.
Traceback (most recent call last):
  File "/data/data/com.termux/files/usr/lib/python3.12/site-packages/httpx/_transports/default.py", line 101, in map_httpcore_exceptions
    yield
  File "/data/data/com.termux/files/usr/lib/python3.12/site-packages/httpx/_transports/default.py", line 394, in handle_async_request
    resp = await self._pool.handle_async_request(req)
           ^^^^^^^^^^^^^^^^^^^^^^^^^^^^^^^^^^^^^^^^^^
  File "/data/data/com.termux/files/usr/lib/python3.12/site-packages/httpcore/_async/connection_pool.py", line 256, in handle_async_request
    raise exc from None
  File "/data/data/com.termux/files/usr/lib/python3.12/site-packages/httpcore/_async/connection_pool.py", line 236, in handle_async_request
    response = await connection.handle_async_request(
               ^^^^^^^^^^^^^^^^^^^^^^^^^^^^^^^^^^^^^^
  File "/data/data/com.termux/files/usr/lib/python3.12/site-packages/httpcore/_async/connection.py", line 101, in handle_async_request
    raise exc
  File "/data/data/com.termux/files/usr/lib/python3.12/site-packages/httpcore/_async/connection.py", line 78, in handle_async_request
    stream = await self._connect(request)
             ^^^^^^^^^^^^^^^^^^^^^^^^^^^^
  File "/data/data/com.termux/files/usr/lib/python3.12/site-packages/httpcore/_async/connection.py", line 124, in _connect
    stream = await self._network_backend.connect_tcp(**kwargs)
             ^^^^^^^^^^^^^^^^^^^^^^^^^^^^^^^^^^^^^^^^^^^^^^^^^
  File "/data/data/com.termux/files/usr/lib/python3.12/site-packages/httpcore/_backends/auto.py", line 31, in connect_tcp
    return await self._backend.connect_tcp(
           ^^^^^^^^^^^^^^^^^^^^^^^^^^^^^^^^
  File "/data/data/com.termux/files/usr/lib/python3.12/site-packages/httpcore/_backends/anyio.py", line 113, in connect_tcp
    with map_exceptions(exc_map):
         ^^^^^^^^^^^^^^^^^^^^^^^
  File "/data/data/com.termux/files/usr/lib/python3.12/contextlib.py", line 158, in __exit__
    self.gen.throw(value)
  File "/data/data/com.termux/files/usr/lib/python3.12/site-packages/httpcore/_exceptions.py", line 14, in map_exceptions
    raise to_exc(exc) from exc
httpcore.ConnectTimeout

The above exception was the direct cause of the following exception:

Traceback (most recent call last):
  File "/data/data/com.termux/files/usr/lib/python3.12/site-packages/telegram/request/_httpxrequest.py", line 279, in do_request
    res = await self._client.request(
          ^^^^^^^^^^^^^^^^^^^^^^^^^^^
  File "/data/data/com.termux/files/usr/lib/python3.12/site-packages/httpx/_client.py", line 1540, in request
    return await self.send(request, auth=auth, follow_redirects=follow_redirects)
           ^^^^^^^^^^^^^^^^^^^^^^^^^^^^^^^^^^^^^^^^^^^^^^^^^^^^^^^^^^^^^^^^^^^^^^
  File "/data/data/com.termux/files/usr/lib/python3.12/site-packages/httpx/_client.py", line 1629, in send
    response = await self._send_handling_auth(
               ^^^^^^^^^^^^^^^^^^^^^^^^^^^^^^^
  File "/data/data/com.termux/files/usr/lib/python3.12/site-packages/httpx/_client.py", line 1657, in _send_handling_auth
    response = await self._send_handling_redirects(
               ^^^^^^^^^^^^^^^^^^^^^^^^^^^^^^^^^^^^
  File "/data/data/com.termux/files/usr/lib/python3.12/site-packages/httpx/_client.py", line 1694, in _send_handling_redirects
    response = await self._send_single_request(request)
               ^^^^^^^^^^^^^^^^^^^^^^^^^^^^^^^^^^^^^^^^
  File "/data/data/com.termux/files/usr/lib/python3.12/site-packages/httpx/_client.py", line 1730, in _send_single_request
    response = await transport.handle_async_request(request)
               ^^^^^^^^^^^^^^^^^^^^^^^^^^^^^^^^^^^^^^^^^^^^^
  File "/data/data/com.termux/files/usr/lib/python3.12/site-packages/httpx/_transports/default.py", line 393, in handle_async_request
    with map_httpcore_exceptions():
         ^^^^^^^^^^^^^^^^^^^^^^^^^
  File "/data/data/com.termux/files/usr/lib/python3.12/contextlib.py", line 158, in __exit__
    self.gen.throw(value)
  File "/data/data/com.termux/files/usr/lib/python3.12/site-packages/httpx/_transports/default.py", line 118, in map_httpcore_exceptions
    raise mapped_exc(message) from exc
httpx.ConnectTimeout

The above exception was the direct cause of the following exception:

Traceback (most recent call last):
  File "/data/data/com.termux/files/usr/lib/python3.12/site-packages/telegram/ext/_application.py", line 1315, in process_update
    await coroutine
  File "/data/data/com.termux/files/usr/lib/python3.12/site-packages/telegram/ext/_handlers/basehandler.py", line 159, in handle_update
    return await self.callback(update, context)
           ^^^^^^^^^^^^^^^^^^^^^^^^^^^^^^^^^^^^
  File "/storage/emulated/0/Python/BOT/bot1.py", line 560, in on_callback
    await q.answer()
  File "/data/data/com.termux/files/usr/lib/python3.12/site-packages/telegram/_callbackquery.py", line 189, in answer
    return await self.get_bot().answer_callback_query(
           ^^^^^^^^^^^^^^^^^^^^^^^^^^^^^^^^^^^^^^^^^^^
  File "/data/data/com.termux/files/usr/lib/python3.12/site-packages/telegram/ext/_extbot.py", line 972, in answer_callback_query
    return await super().answer_callback_query(
           ^^^^^^^^^^^^^^^^^^^^^^^^^^^^^^^^^^^^
  File "/data/data/com.termux/files/usr/lib/python3.12/site-packages/telegram/_bot.py", line 4360, in answer_callback_query
    return await self._post(
           ^^^^^^^^^^^^^^^^^
  File "/data/data/com.termux/files/usr/lib/python3.12/site-packages/telegram/_bot.py", line 703, in _post
    return await self._do_post(
           ^^^^^^^^^^^^^^^^^^^^
  File "/data/data/com.termux/files/usr/lib/python3.12/site-packages/telegram/ext/_extbot.py", line 372, in _do_post
    return await super()._do_post(
           ^^^^^^^^^^^^^^^^^^^^^^^
  File "/data/data/com.termux/files/usr/lib/python3.12/site-packages/telegram/_bot.py", line 732, in _do_post
    result = await request.post(
             ^^^^^^^^^^^^^^^^^^^
  File "/data/data/com.termux/files/usr/lib/python3.12/site-packages/telegram/request/_baserequest.py", line 198, in post
    result = await self._request_wrapper(
             ^^^^^^^^^^^^^^^^^^^^^^^^^^^^
  File "/data/data/com.termux/files/usr/lib/python3.12/site-packages/telegram/request/_baserequest.py", line 305, in _request_wrapper
    code, payload = await self.do_request(
                    ^^^^^^^^^^^^^^^^^^^^^^
  File "/data/data/com.termux/files/usr/lib/python3.12/site-packages/telegram/request/_httpxrequest.py", line 296, in do_request
    raise TimedOut from err
telegram.error.TimedOut: Timed out
2026-09-14 12:03:38,844 | INFO     | httpx | HTTP Request: POST https://api.telegram.org/bot8895975047:AAE_eXzUepLl7GN1AkRT4Z-nakCYjCqDwrU/getUpdates "HTTP/1.1 200 OK"
2026-09-14 12:03:39,157 | INFO     | httpx | HTTP Request: POST https://api.telegram.org/bot8895975047:AAE_eXzUepLl7GN1AkRT4Z-nakCYjCqDwrU/getUpdates "HTTP/1.1 200 OK"
2026-09-14 12:03:39,770 | INFO     | httpx | HTTP Request: POST https://api.telegram.org/bot8895975047:AAE_eXzUepLl7GN1AkRT4Z-nakCYjCqDwrU/answerCallbackQuery "HTTP/1.1 400 Bad Request"
2026-09-14 12:03:39,772 | ERROR    | telegram.ext.Application | No error handlers are registered, logging exception.
Traceback (most recent call last):
  File "/data/data/com.termux/files/usr/lib/python3.12/site-packages/telegram/ext/_application.py", line 1315, in process_update
    await coroutine
  File "/data/data/com.termux/files/usr/lib/python3.12/site-packages/telegram/ext/_handlers/basehandler.py", line 159, in handle_update
    return await self.callback(update, context)
           ^^^^^^^^^^^^^^^^^^^^^^^^^^^^^^^^^^^^
  File "/storage/emulated/0/Python/BOT/bot1.py", line 560, in on_callback
    await q.answer()
  File "/data/data/com.termux/files/usr/lib/python3.12/site-packages/telegram/_callbackquery.py", line 189, in answer
    return await self.get_bot().answer_callback_query(
           ^^^^^^^^^^^^^^^^^^^^^^^^^^^^^^^^^^^^^^^^^^^
  File "/data/data/com.termux/files/usr/lib/python3.12/site-packages/telegram/ext/_extbot.py", line 972, in answer_callback_query
    return await super().answer_callback_query(
           ^^^^^^^^^^^^^^^^^^^^^^^^^^^^^^^^^^^^
  File "/data/data/com.termux/files/usr/lib/python3.12/site-packages/telegram/_bot.py", line 4360, in answer_callback_query
    return await self._post(
           ^^^^^^^^^^^^^^^^^
  File "/data/data/com.termux/files/usr/lib/python3.12/site-packages/telegram/_bot.py", line 703, in _post
    return await self._do_post(
           ^^^^^^^^^^^^^^^^^^^^
  File "/data/data/com.termux/files/usr/lib/python3.12/site-packages/telegram/ext/_extbot.py", line 372, in _do_post
    return await super()._do_post(
           ^^^^^^^^^^^^^^^^^^^^^^^
  File "/data/data/com.termux/files/usr/lib/python3.12/site-packages/telegram/_bot.py", line 732, in _do_post
    result = await request.post(
             ^^^^^^^^^^^^^^^^^^^
  File "/data/data/com.termux/files/usr/lib/python3.12/site-packages/telegram/request/_baserequest.py", line 198, in post
    result = await self._request_wrapper(
             ^^^^^^^^^^^^^^^^^^^^^^^^^^^^
  File "/data/data/com.termux/files/usr/lib/python3.12/site-packages/telegram/request/_baserequest.py", line 375, in _request_wrapper
    raise exception
telegram.error.BadRequest: Query is too old and response timeout expired or query id is invalid
2026-09-14 12:03:40,206 | INFO     | httpx | HTTP Request: POST https://api.telegram.org/bot8895975047:AAE_eXzUepLl7GN1AkRT4Z-nakCYjCqDwrU/answerCallbackQuery "HTTP/1.1 400 Bad Request"
2026-09-14 12:03:40,208 | ERROR    | telegram.ext.Application | No error handlers are registered, logging exception.
Traceback (most recent call last):
  File "/data/data/com.termux/files/usr/lib/python3.12/site-packages/telegram/ext/_application.py", line 1315, in process_update
    await coroutine
  File "/data/data/com.termux/files/usr/lib/python3.12/site-packages/telegram/ext/_handlers/basehandler.py", line 159, in handle_update
    return await self.callback(update, context)
           ^^^^^^^^^^^^^^^^^^^^^^^^^^^^^^^^^^^^
  File "/storage/emulated/0/Python/BOT/bot1.py", line 560, in on_callback
    await q.answer()
  File "/data/data/com.termux/files/usr/lib/python3.12/site-packages/telegram/_callbackquery.py", line 189, in answer
    return await self.get_bot().answer_callback_query(
           ^^^^^^^^^^^^^^^^^^^^^^^^^^^^^^^^^^^^^^^^^^^
  File "/data/data/com.termux/files/usr/lib/python3.12/site-packages/telegram/ext/_extbot.py", line 972, in answer_callback_query
    return await super().answer_callback_query(
           ^^^^^^^^^^^^^^^^^^^^^^^^^^^^^^^^^^^^
  File "/data/data/com.termux/files/usr/lib/python3.12/site-packages/telegram/_bot.py", line 4360, in answer_callback_query
    return await self._post(
           ^^^^^^^^^^^^^^^^^
  File "/data/data/com.termux/files/usr/lib/python3.12/site-packages/telegram/_bot.py", line 703, in _post
    return await self._do_post(
           ^^^^^^^^^^^^^^^^^^^^
  File "/data/data/com.termux/files/usr/lib/python3.12/site-packages/telegram/ext/_extbot.py", line 372, in _do_post
    return await super()._do_post(
           ^^^^^^^^^^^^^^^^^^^^^^^
  File "/data/data/com.termux/files/usr/lib/python3.12/site-packages/telegram/_bot.py", line 732, in _do_post
    result = await request.post(
             ^^^^^^^^^^^^^^^^^^^
  File "/data/data/com.termux/files/usr/lib/python3.12/site-packages/telegram/request/_baserequest.py", line 198, in post
    result = await self._request_wrapper(
             ^^^^^^^^^^^^^^^^^^^^^^^^^^^^
  File "/data/data/com.termux/files/usr/lib/python3.12/site-packages/telegram/request/_baserequest.py", line 375, in _request_wrapper
    raise exception
telegram.error.BadRequest: Query is too old and response timeout expired or query id is invalid
2026-09-14 12:03:40,757 | INFO     | httpx | HTTP Request: POST https://api.telegram.org/bot8895975047:AAE_eXzUepLl7GN1AkRT4Z-nakCYjCqDwrU/answerCallbackQuery "HTTP/1.1 400 Bad Request"
2026-09-14 12:03:40,759 | ERROR    | telegram.ext.Application | No error handlers are registered, logging exception.
Traceback (most recent call last):
  File "/data/data/com.termux/files/usr/lib/python3.12/site-packages/telegram/ext/_application.py", line 1315, in process_update
    await coroutine
  File "/data/data/com.termux/files/usr/lib/python3.12/site-packages/telegram/ext/_handlers/basehandler.py", line 159, in handle_update
    return await self.callback(update, context)
           ^^^^^^^^^^^^^^^^^^^^^^^^^^^^^^^^^^^^
  File "/storage/emulated/0/Python/BOT/bot1.py", line 560, in on_callback
    await q.answer()
  File "/data/data/com.termux/files/usr/lib/python3.12/site-packages/telegram/_callbackquery.py", line 189, in answer
    return await self.get_bot().answer_callback_query(
           ^^^^^^^^^^^^^^^^^^^^^^^^^^^^^^^^^^^^^^^^^^^
  File "/data/data/com.termux/files/usr/lib/python3.12/site-packages/telegram/ext/_extbot.py", line 972, in answer_callback_query
    return await super().answer_callback_query(
           ^^^^^^^^^^^^^^^^^^^^^^^^^^^^^^^^^^^^
  File "/data/data/com.termux/files/usr/lib/python3.12/site-packages/telegram/_bot.py", line 4360, in answer_callback_query
    return await self._post(
           ^^^^^^^^^^^^^^^^^
  File "/data/data/com.termux/files/usr/lib/python3.12/site-packages/telegram/_bot.py", line 703, in _post
    return await self._do_post(
           ^^^^^^^^^^^^^^^^^^^^
  File "/data/data/com.termux/files/usr/lib/python3.12/site-packages/telegram/ext/_extbot.py", line 372, in _do_post
    return await super()._do_post(
           ^^^^^^^^^^^^^^^^^^^^^^^
  File "/data/data/com.termux/files/usr/lib/python3.12/site-packages/telegram/_bot.py", line 732, in _do_post
    result = await request.post(
             ^^^^^^^^^^^^^^^^^^^
  File "/data/data/com.termux/files/usr/lib/python3.12/site-packages/telegram/request/_baserequest.py", line 198, in post
    result = await self._request_wrapper(
             ^^^^^^^^^^^^^^^^^^^^^^^^^^^^
  File "/data/data/com.termux/files/usr/lib/python3.12/site-packages/telegram/request/_baserequest.py", line 375, in _request_wrapper
    raise exception
telegram.error.BadRequest: Query is too old and response timeout expired or query id is invalid
2026-09-14 12:03:41,333 | INFO     | httpx | HTTP Request: POST https://api.telegram.org/bot8895975047:AAE_eXzUepLl7GN1AkRT4Z-nakCYjCqDwrU/answerCallbackQuery "HTTP/1.1 200 OK"
2026-09-14 12:03:41,845 | INFO     | httpx | HTTP Request: POST https://api.telegram.org/bot8895975047:AAE_eXzUepLl7GN1AkRT4Z-nakCYjCqDwrU/editMessageText "HTTP/1.1 200 OK"
2026-09-14 12:03:42,263 | INFO     | httpx | HTTP Request: POST https://api.telegram.org/bot8895975047:AAE_eXzUepLl7GN1AkRT4Z-nakCYjCqDwrU/answerCallbackQuery "HTTP/1.1 200 OK"
2026-09-14 12:03:42,654 | INFO     | httpx | HTTP Request: POST https://api.telegram.org/bot8895975047:AAE_eXzUepLl7GN1AkRT4Z-nakCYjCqDwrU/editMessageText "HTTP/1.1 400 Bad Request"
2026-09-14 12:03:42,657 | ERROR    | telegram.ext.Application | No error handlers are registered, logging exception.
Traceback (most recent call last):
  File "/data/data/com.termux/files/usr/lib/python3.12/site-packages/telegram/ext/_application.py", line 1315, in process_update
    await coroutine
  File "/data/data/com.termux/files/usr/lib/python3.12/site-packages/telegram/ext/_handlers/basehandler.py", line 159, in handle_update
    return await self.callback(update, context)
           ^^^^^^^^^^^^^^^^^^^^^^^^^^^^^^^^^^^^
  File "/storage/emulated/0/Python/BOT/bot1.py", line 697, in on_callback
    await q.edit_message_text(
  File "/data/data/com.termux/files/usr/lib/python3.12/site-packages/telegram/_callbackquery.py", line 268, in edit_message_text
    return await self._get_message().edit_text(
           ^^^^^^^^^^^^^^^^^^^^^^^^^^^^^^^^^^^^
  File "/data/data/com.termux/files/usr/lib/python3.12/site-packages/telegram/_message.py", line 4142, in edit_text
    return await self.get_bot().edit_message_text(
           ^^^^^^^^^^^^^^^^^^^^^^^^^^^^^^^^^^^^^^^
  File "/data/data/com.termux/files/usr/lib/python3.12/site-packages/telegram/ext/_extbot.py", line 1735, in edit_message_text
    return await super().edit_message_text(
           ^^^^^^^^^^^^^^^^^^^^^^^^^^^^^^^^
  File "/data/data/com.termux/files/usr/lib/python3.12/site-packages/telegram/_bot.py", line 4463, in edit_message_text
    return await self._send_message(
           ^^^^^^^^^^^^^^^^^^^^^^^^^
  File "/data/data/com.termux/files/usr/lib/python3.12/site-packages/telegram/ext/_extbot.py", line 634, in _send_message
    result = await super()._send_message(
             ^^^^^^^^^^^^^^^^^^^^^^^^^^^^
  File "/data/data/com.termux/files/usr/lib/python3.12/site-packages/telegram/_bot.py", line 819, in _send_message
    result = await self._post(
             ^^^^^^^^^^^^^^^^^
  File "/data/data/com.termux/files/usr/lib/python3.12/site-packages/telegram/_bot.py", line 703, in _post
    return await self._do_post(
           ^^^^^^^^^^^^^^^^^^^^
  File "/data/data/com.termux/files/usr/lib/python3.12/site-packages/telegram/ext/_extbot.py", line 372, in _do_post
    return await super()._do_post(
           ^^^^^^^^^^^^^^^^^^^^^^^
  File "/data/data/com.termux/files/usr/lib/python3.12/site-packages/telegram/_bot.py", line 732, in _do_post
    result = await request.post(
             ^^^^^^^^^^^^^^^^^^^
  File "/data/data/com.termux/files/usr/lib/python3.12/site-packages/telegram/request/_baserequest.py", line 198, in post
    result = await self._request_wrapper(
             ^^^^^^^^^^^^^^^^^^^^^^^^^^^^
  File "/data/data/com.termux/files/usr/lib/python3.12/site-packages/telegram/request/_baserequest.py", line 375, in _request_wrapper
    raise exception
telegram.error.BadRequest: Message is not modified: specified new message content and reply markup are exactly the same as a current content and reply markup of the message
2026-09-14 12:03:43,175 | INFO     | httpx | HTTP Request: POST https://api.telegram.org/bot8895975047:AAE_eXzUepLl7GN1AkRT4Z-nakCYjCqDwrU/answerCallbackQuery "HTTP/1.1 200 OK"
2026-09-14 12:03:44,200 | INFO     | httpx | HTTP Request: POST https://api.telegram.org/bot8895975047:AAE_eXzUepLl7GN1AkRT4Z-nakCYjCqDwrU/editMessageText "HTTP/1.1 400 Bad Request"
2026-09-14 12:03:44,202 | ERROR    | telegram.ext.Application | No error handlers are registered, logging exception.
Traceback (most recent call last):
  File "/data/data/com.termux/files/usr/lib/python3.12/site-packages/telegram/ext/_application.py", line 1315, in process_update
    await coroutine
  File "/data/data/com.termux/files/usr/lib/python3.12/site-packages/telegram/ext/_handlers/basehandler.py", line 159, in handle_update
    return await self.callback(update, context)
           ^^^^^^^^^^^^^^^^^^^^^^^^^^^^^^^^^^^^
  File "/storage/emulated/0/Python/BOT/bot1.py", line 697, in on_callback
    await q.edit_message_text(
  File "/data/data/com.termux/files/usr/lib/python3.12/site-packages/telegram/_callbackquery.py", line 268, in edit_message_text
    return await self._get_message().edit_text(
           ^^^^^^^^^^^^^^^^^^^^^^^^^^^^^^^^^^^^
  File "/data/data/com.termux/files/usr/lib/python3.12/site-packages/telegram/_message.py", line 4142, in edit_text
    return await self.get_bot().edit_message_text(
           ^^^^^^^^^^^^^^^^^^^^^^^^^^^^^^^^^^^^^^^
  File "/data/data/com.termux/files/usr/lib/python3.12/site-packages/telegram/ext/_extbot.py", line 1735, in edit_message_text
    return await super().edit_message_text(
           ^^^^^^^^^^^^^^^^^^^^^^^^^^^^^^^^
  File "/data/data/com.termux/files/usr/lib/python3.12/site-packages/telegram/_bot.py", line 4463, in edit_message_text
    return await self._send_message(
           ^^^^^^^^^^^^^^^^^^^^^^^^^
  File "/data/data/com.termux/files/usr/lib/python3.12/site-packages/telegram/ext/_extbot.py", line 634, in _send_message
    result = await super()._send_message(
             ^^^^^^^^^^^^^^^^^^^^^^^^^^^^
  File "/data/data/com.termux/files/usr/lib/python3.12/site-packages/telegram/_bot.py", line 819, in _send_message
    result = await self._post(
             ^^^^^^^^^^^^^^^^^
  File "/data/data/com.termux/files/usr/lib/python3.12/site-packages/telegram/_bot.py", line 703, in _post
    return await self._do_post(
           ^^^^^^^^^^^^^^^^^^^^
  File "/data/data/com.termux/files/usr/lib/python3.12/site-packages/telegram/ext/_extbot.py", line 372, in _do_post
    return await super()._do_post(
           ^^^^^^^^^^^^^^^^^^^^^^^
  File "/data/data/com.termux/files/usr/lib/python3.12/site-packages/telegram/_bot.py", line 732, in _do_post
    result = await request.post(
             ^^^^^^^^^^^^^^^^^^^
  File "/data/data/com.termux/files/usr/lib/python3.12/site-packages/telegram/request/_baserequest.py", line 198, in post
    result = await self._request_wrapper(
             ^^^^^^^^^^^^^^^^^^^^^^^^^^^^
  File "/data/data/com.termux/files/usr/lib/python3.12/site-packages/telegram/request/_baserequest.py", line 375, in _request_wrapper
    raise exception
telegram.error.BadRequest: Message is not modified: specified new message content and reply markup are exactly the same as a current content and reply markup of the message
2026-09-14 12:03:44,342 | INFO     | httpx | HTTP Request: POST https://api.telegram.org/bot8895975047:AAE_eXzUepLl7GN1AkRT4Z-nakCYjCqDwrU/getUpdates "HTTP/1.1 200 OK"
2026-09-14 12:03:44,648 | INFO     | httpx | HTTP Request: POST https://api.telegram.org/bot8895975047:AAE_eXzUepLl7GN1AkRT4Z-nakCYjCqDwrU/answerCallbackQuery "HTTP/1.1 200 OK"
2026-09-14 12:03:45,163 | INFO     | httpx | HTTP Request: POST https://api.telegram.org/bot8895975047:AAE_eXzUepLl7GN1AkRT4Z-nakCYjCqDwrU/editMessageText "HTTP/1.1 400 Bad Request"
2026-09-14 12:03:45,165 | ERROR    | telegram.ext.Application | No error handlers are registered, logging exception.
Traceback (most recent call last):
  File "/data/data/com.termux/files/usr/lib/python3.12/site-packages/telegram/ext/_application.py", line 1315, in process_update
    await coroutine
  File "/data/data/com.termux/files/usr/lib/python3.12/site-packages/telegram/ext/_handlers/basehandler.py", line 159, in handle_update
    return await self.callback(update, context)
           ^^^^^^^^^^^^^^^^^^^^^^^^^^^^^^^^^^^^
  File "/storage/emulated/0/Python/BOT/bot1.py", line 697, in on_callback
    await q.edit_message_text(
  File "/data/data/com.termux/files/usr/lib/python3.12/site-packages/telegram/_callbackquery.py", line 268, in edit_message_text
    return await self._get_message().edit_text(
           ^^^^^^^^^^^^^^^^^^^^^^^^^^^^^^^^^^^^
  File "/data/data/com.termux/files/usr/lib/python3.12/site-packages/telegram/_message.py", line 4142, in edit_text
    return await self.get_bot().edit_message_text(
           ^^^^^^^^^^^^^^^^^^^^^^^^^^^^^^^^^^^^^^^
  File "/data/data/com.termux/files/usr/lib/python3.12/site-packages/telegram/ext/_extbot.py", line 1735, in edit_message_text
    return await super().edit_message_text(
           ^^^^^^^^^^^^^^^^^^^^^^^^^^^^^^^^
  File "/data/data/com.termux/files/usr/lib/python3.12/site-packages/telegram/_bot.py", line 4463, in edit_message_text
    return await self._send_message(
           ^^^^^^^^^^^^^^^^^^^^^^^^^
  File "/data/data/com.termux/files/usr/lib/python3.12/site-packages/telegram/ext/_extbot.py", line 634, in _send_message
    result = await super()._send_message(
             ^^^^^^^^^^^^^^^^^^^^^^^^^^^^
  File "/data/data/com.termux/files/usr/lib/python3.12/site-packages/telegram/_bot.py", line 819, in _send_message
    result = await self._post(
             ^^^^^^^^^^^^^^^^^
  File "/data/data/com.termux/files/usr/lib/python3.12/site-packages/telegram/_bot.py", line 703, in _post
    return await self._do_post(
           ^^^^^^^^^^^^^^^^^^^^
  File "/data/data/com.termux/files/usr/lib/python3.12/site-packages/telegram/ext/_extbot.py", line 372, in _do_post
    return await super()._do_post(
           ^^^^^^^^^^^^^^^^^^^^^^^
  File "/data/data/com.termux/files/usr/lib/python3.12/site-packages/telegram/_bot.py", line 732, in _do_post
    result = await request.post(
             ^^^^^^^^^^^^^^^^^^^
  File "/data/data/com.termux/files/usr/lib/python3.12/site-packages/telegram/request/_baserequest.py", line 198, in post
    result = await self._request_wrapper(
             ^^^^^^^^^^^^^^^^^^^^^^^^^^^^
  File "/data/data/com.termux/files/usr/lib/python3.12/site-packages/telegram/request/_baserequest.py", line 375, in _request_wrapper
    raise exception
telegram.error.BadRequest: Message is not modified: specified new message content and reply markup are exactly the same as a current content and reply markup of the message
2026-09-14 12:03:45,701 | INFO     | httpx | HTTP Request: POST https://api.telegram.org/bot8895975047:AAE_eXzUepLl7GN1AkRT4Z-nakCYjCqDwrU/answerCallbackQuery "HTTP/1.1 200 OK"
2026-09-14 12:03:45,981 | INFO     | httpx | HTTP Request: POST https://api.telegram.org/bot8895975047:AAE_eXzUepLl7GN1AkRT4Z-nakCYjCqDwrU/getUpdates "HTTP/1.1 200 OK"
2026-09-14 12:03:46,199 | INFO     | httpx | HTTP Request: POST https://api.telegram.org/bot8895975047:AAE_eXzUepLl7GN1AkRT4Z-nakCYjCqDwrU/deleteMessage "HTTP/1.1 200 OK"
2026-09-14 12:03:46,218 | INFO     | httpx | HTTP Request: POST https://api.telegram.org/bot8895975047:AAE_eXzUepLl7GN1AkRT4Z-nakCYjCqDwrU/getUpdates "HTTP/1.1 200 OK"
2026-09-14 12:03:46,656 | INFO     | httpx | HTTP Request: POST https://api.telegram.org/bot8895975047:AAE_eXzUepLl7GN1AkRT4Z-nakCYjCqDwrU/answerCallbackQuery "HTTP/1.1 200 OK"
2026-09-14 12:03:46,872 | INFO     | httpx | HTTP Request: POST https://api.telegram.org/bot8895975047:AAE_eXzUepLl7GN1AkRT4Z-nakCYjCqDwrU/deleteMessage "HTTP/1.1 400 Bad Request"
2026-09-14 12:03:46,874 | ERROR    | telegram.ext.Application | No error handlers are registered, logging exception.
Traceback (most recent call last):
  File "/data/data/com.termux/files/usr/lib/python3.12/site-packages/telegram/ext/_application.py", line 1315, in process_update
    await coroutine
  File "/data/data/com.termux/files/usr/lib/python3.12/site-packages/telegram/ext/_handlers/basehandler.py", line 159, in handle_update
    return await self.callback(update, context)
           ^^^^^^^^^^^^^^^^^^^^^^^^^^^^^^^^^^^^
  File "/storage/emulated/0/Python/BOT/bot1.py", line 704, in on_callback
    await q.delete_message()
  File "/data/data/com.termux/files/usr/lib/python3.12/site-packages/telegram/_callbackquery.py", line 787, in delete_message
    return await self._get_message(action="delete").delete(
           ^^^^^^^^^^^^^^^^^^^^^^^^^^^^^^^^^^^^^^^^^^^^^^^^
  File "/data/data/com.termux/files/usr/lib/python3.12/site-packages/telegram/_message.py", line 4598, in delete
    return await self.get_bot().delete_message(
           ^^^^^^^^^^^^^^^^^^^^^^^^^^^^^^^^^^^^
  File "/data/data/com.termux/files/usr/lib/python3.12/site-packages/telegram/ext/_extbot.py", line 1407, in delete_message
    return await super().delete_message(
           ^^^^^^^^^^^^^^^^^^^^^^^^^^^^^
  File "/data/data/com.termux/files/usr/lib/python3.12/site-packages/telegram/_bot.py", line 1190, in delete_message
    return await self._post(
           ^^^^^^^^^^^^^^^^^
  File "/data/data/com.termux/files/usr/lib/python3.12/site-packages/telegram/_bot.py", line 703, in _post
    return await self._do_post(
           ^^^^^^^^^^^^^^^^^^^^
  File "/data/data/com.termux/files/usr/lib/python3.12/site-packages/telegram/ext/_extbot.py", line 372, in _do_post
    return await super()._do_post(
           ^^^^^^^^^^^^^^^^^^^^^^^
  File "/data/data/com.termux/files/usr/lib/python3.12/site-packages/telegram/_bot.py", line 732, in _do_post
    result = await request.post(
             ^^^^^^^^^^^^^^^^^^^
  File "/data/data/com.termux/files/usr/lib/python3.12/site-packages/telegram/request/_baserequest.py", line 198, in post
    result = await self._request_wrapper(
             ^^^^^^^^^^^^^^^^^^^^^^^^^^^^
  File "/data/data/com.termux/files/usr/lib/python3.12/site-packages/telegram/request/_baserequest.py", line 375, in _request_wrapper
    raise exception
telegram.error.BadRequest: Message to delete not found
2026-09-14 12:03:47,374 | INFO     | httpx | HTTP Request: POST https://api.telegram.org/bot8895975047:AAE_eXzUepLl7GN1AkRT4Z-nakCYjCqDwrU/answerCallbackQuery "HTTP/1.1 200 OK"
2026-09-14 12:03:47,594 | INFO     | httpx | HTTP Request: POST https://api.telegram.org/bot8895975047:AAE_eXzUepLl7GN1AkRT4Z-nakCYjCqDwrU/deleteMessage "HTTP/1.1 400 Bad Request"
2026-09-14 12:03:47,596 | ERROR    | telegram.ext.Application | No error handlers are registered, logging exception.
Traceback (most recent call last):
  File "/data/data/com.termux/files/usr/lib/python3.12/site-packages/telegram/ext/_application.py", line 1315, in process_update
    await coroutine
  File "/data/data/com.termux/files/usr/lib/python3.12/site-packages/telegram/ext/_handlers/basehandler.py", line 159, in handle_update
    return await self.callback(update, context)
           ^^^^^^^^^^^^^^^^^^^^^^^^^^^^^^^^^^^^
  File "/storage/emulated/0/Python/BOT/bot1.py", line 704, in on_callback
    await q.delete_message()
  File "/data/data/com.termux/files/usr/lib/python3.12/site-packages/telegram/_callbackquery.py", line 787, in delete_message
    return await self._get_message(action="delete").delete(
           ^^^^^^^^^^^^^^^^^^^^^^^^^^^^^^^^^^^^^^^^^^^^^^^^
  File "/data/data/com.termux/files/usr/lib/python3.12/site-packages/telegram/_message.py", line 4598, in delete
    return await self.get_bot().delete_message(
           ^^^^^^^^^^^^^^^^^^^^^^^^^^^^^^^^^^^^
  File "/data/data/com.termux/files/usr/lib/python3.12/site-packages/telegram/ext/_extbot.py", line 1407, in delete_message
    return await super().delete_message(
           ^^^^^^^^^^^^^^^^^^^^^^^^^^^^^
  File "/data/data/com.termux/files/usr/lib/python3.12/site-packages/telegram/_bot.py", line 1190, in delete_message
    return await self._post(
           ^^^^^^^^^^^^^^^^^
  File "/data/data/com.termux/files/usr/lib/python3.12/site-packages/telegram/_bot.py", line 703, in _post
    return await self._do_post(
           ^^^^^^^^^^^^^^^^^^^^
  File "/data/data/com.termux/files/usr/lib/python3.12/site-packages/telegram/ext/_extbot.py", line 372, in _do_post
    return await super()._do_post(
           ^^^^^^^^^^^^^^^^^^^^^^^
  File "/data/data/com.termux/files/usr/lib/python3.12/site-packages/telegram/_bot.py", line 732, in _do_post
    result = await request.post(
             ^^^^^^^^^^^^^^^^^^^
  File "/data/data/com.termux/files/usr/lib/python3.12/site-packages/telegram/request/_baserequest.py", line 198, in post
    result = await self._request_wrapper(
             ^^^^^^^^^^^^^^^^^^^^^^^^^^^^
  File "/data/data/com.termux/files/usr/lib/python3.12/site-packages/telegram/request/_baserequest.py", line 375, in _request_wrapper
    raise exception
telegram.error.BadRequest: Message to delete not found
2026-09-14 12:03:51,278 | INFO     | httpx | HTTP Request: POST https://api.telegram.org/bot8895975047:AAE_eXzUepLl7GN1AkRT4Z-nakCYjCqDwrU/getUpdates "HTTP/1.1 200 OK"
2026-09-14 12:03:51,694 | INFO     | httpx | HTTP Request: POST https://api.telegram.org/bot8895975047:AAE_eXzUepLl7GN1AkRT4Z-nakCYjCqDwrU/deleteMessage "HTTP/1.1 200 OK"
2026-09-14 12:03:52,152 | INFO     | httpx | HTTP Request: POST https://api.telegram.org/bot8895975047:AAE_eXzUepLl7GN1AkRT4Z-nakCYjCqDwrU/sendMessage "HTTP/1.1 200 OK"
2026-09-14 12:03:59,262 | INFO     | httpx | HTTP Request: POST https://api.telegram.org/bot8895975047:AAE_eXzUepLl7GN1AkRT4Z-nakCYjCqDwrU/getUpdates "HTTP/1.1 200 OK"
2026-09-14 12:03:59,567 | INFO     | httpx | HTTP Request: POST https://api.telegram.org/bot8895975047:AAE_eXzUepLl7GN1AkRT4Z-nakCYjCqDwrU/getUpdates "HTTP/1.1 200 OK"
2026-09-14 12:04:00,096 | INFO     | httpx | HTTP Request: POST https://api.telegram.org/bot8895975047:AAE_eXzUepLl7GN1AkRT4Z-nakCYjCqDwrU/answerCallbackQuery "HTTP/1.1 200 OK"
2026-09-14 12:04:00,570 | INFO     | httpx | HTTP Request: POST https://api.telegram.org/bot8895975047:AAE_eXzUepLl7GN1AkRT4Z-nakCYjCqDwrU/editMessageText "HTTP/1.1 200 OK"
2026-09-14 12:04:00,960 | INFO     | httpx | HTTP Request: POST https://api.telegram.org/bot8895975047:AAE_eXzUepLl7GN1AkRT4Z-nakCYjCqDwrU/answerCallbackQuery "HTTP/1.1 200 OK"
2026-09-14 12:04:01,290 | INFO     | httpx | HTTP Request: POST https://api.telegram.org/bot8895975047:AAE_eXzUepLl7GN1AkRT4Z-nakCYjCqDwrU/getUpdates "HTTP/1.1 200 OK"
2026-09-14 12:04:01,383 | INFO     | httpx | HTTP Request: POST https://api.telegram.org/bot8895975047:AAE_eXzUepLl7GN1AkRT4Z-nakCYjCqDwrU/editMessageText "HTTP/1.1 400 Bad Request"
2026-09-14 12:04:01,385 | ERROR    | telegram.ext.Application | No error handlers are registered, logging exception.
Traceback (most recent call last):
  File "/data/data/com.termux/files/usr/lib/python3.12/site-packages/telegram/ext/_application.py", line 1315, in process_update
    await coroutine
  File "/data/data/com.termux/files/usr/lib/python3.12/site-packages/telegram/ext/_handlers/basehandler.py", line 159, in handle_update
    return await self.callback(update, context)
           ^^^^^^^^^^^^^^^^^^^^^^^^^^^^^^^^^^^^
  File "/storage/emulated/0/Python/BOT/bot1.py", line 639, in on_callback
    await q.edit_message_text(
  File "/data/data/com.termux/files/usr/lib/python3.12/site-packages/telegram/_callbackquery.py", line 268, in edit_message_text
    return await self._get_message().edit_text(
           ^^^^^^^^^^^^^^^^^^^^^^^^^^^^^^^^^^^^
  File "/data/data/com.termux/files/usr/lib/python3.12/site-packages/telegram/_message.py", line 4142, in edit_text
    return await self.get_bot().edit_message_text(
           ^^^^^^^^^^^^^^^^^^^^^^^^^^^^^^^^^^^^^^^
  File "/data/data/com.termux/files/usr/lib/python3.12/site-packages/telegram/ext/_extbot.py", line 1735, in edit_message_text
    return await super().edit_message_text(
           ^^^^^^^^^^^^^^^^^^^^^^^^^^^^^^^^
  File "/data/data/com.termux/files/usr/lib/python3.12/site-packages/telegram/_bot.py", line 4463, in edit_message_text
    return await self._send_message(
           ^^^^^^^^^^^^^^^^^^^^^^^^^
  File "/data/data/com.termux/files/usr/lib/python3.12/site-packages/telegram/ext/_extbot.py", line 634, in _send_message
    result = await super()._send_message(
             ^^^^^^^^^^^^^^^^^^^^^^^^^^^^
  File "/data/data/com.termux/files/usr/lib/python3.12/site-packages/telegram/_bot.py", line 819, in _send_message
    result = await self._post(
             ^^^^^^^^^^^^^^^^^
  File "/data/data/com.termux/files/usr/lib/python3.12/site-packages/telegram/_bot.py", line 703, in _post
    return await self._do_post(
           ^^^^^^^^^^^^^^^^^^^^
  File "/data/data/com.termux/files/usr/lib/python3.12/site-packages/telegram/ext/_extbot.py", line 372, in _do_post
    return await super()._do_post(
           ^^^^^^^^^^^^^^^^^^^^^^^
  File "/data/data/com.termux/files/usr/lib/python3.12/site-packages/telegram/_bot.py", line 732, in _do_post
    result = await request.post(
             ^^^^^^^^^^^^^^^^^^^
  File "/data/data/com.termux/files/usr/lib/python3.12/site-packages/telegram/request/_baserequest.py", line 198, in post
    result = await self._request_wrapper(
             ^^^^^^^^^^^^^^^^^^^^^^^^^^^^
  File "/data/data/com.termux/files/usr/lib/python3.12/site-packages/telegram/request/_baserequest.py", line 375, in _request_wrapper
    raise exception
telegram.error.BadRequest: Message is not modified: specified new message content and reply markup are exactly the same as a current content and reply markup of the message
2026-09-14 12:04:02,018 | INFO     | httpx | HTTP Request: POST https://api.telegram.org/bot8895975047:AAE_eXzUepLl7GN1AkRT4Z-nakCYjCqDwrU/answerCallbackQuery "HTTP/1.1 200 OK"
2026-09-14 12:04:02,449 | INFO     | httpx | HTTP Request: POST https://api.telegram.org/bot8895975047:AAE_eXzUepLl7GN1AkRT4Z-nakCYjCqDwrU/editMessageText "HTTP/1.1 400 Bad Request"
2026-09-14 12:04:02,452 | ERROR    | telegram.ext.Application | No error handlers are registered, logging exception.
Traceback (most recent call last):
  File "/data/data/com.termux/files/usr/lib/python3.12/site-packages/telegram/ext/_application.py", line 1315, in process_update
    await coroutine
  File "/data/data/com.termux/files/usr/lib/python3.12/site-packages/telegram/ext/_handlers/basehandler.py", line 159, in handle_update
    return await self.callback(update, context)
           ^^^^^^^^^^^^^^^^^^^^^^^^^^^^^^^^^^^^
  File "/storage/emulated/0/Python/BOT/bot1.py", line 639, in on_callback
    await q.edit_message_text(
  File "/data/data/com.termux/files/usr/lib/python3.12/site-packages/telegram/_callbackquery.py", line 268, in edit_message_text
    return await self._get_message().edit_text(
           ^^^^^^^^^^^^^^^^^^^^^^^^^^^^^^^^^^^^
  File "/data/data/com.termux/files/usr/lib/python3.12/site-packages/telegram/_message.py", line 4142, in edit_text
    return await self.get_bot().edit_message_text(
           ^^^^^^^^^^^^^^^^^^^^^^^^^^^^^^^^^^^^^^^
  File "/data/data/com.termux/files/usr/lib/python3.12/site-packages/telegram/ext/_extbot.py", line 1735, in edit_message_text
    return await super().edit_message_text(
           ^^^^^^^^^^^^^^^^^^^^^^^^^^^^^^^^
  File "/data/data/com.termux/files/usr/lib/python3.12/site-packages/telegram/_bot.py", line 4463, in edit_message_text
    return await self._send_message(
           ^^^^^^^^^^^^^^^^^^^^^^^^^
  File "/data/data/com.termux/files/usr/lib/python3.12/site-packages/telegram/ext/_extbot.py", line 634, in _send_message
    result = await super()._send_message(
             ^^^^^^^^^^^^^^^^^^^^^^^^^^^^
  File "/data/data/com.termux/files/usr/lib/python3.12/site-packages/telegram/_bot.py", line 819, in _send_message
    result = await self._post(
             ^^^^^^^^^^^^^^^^^
  File "/data/data/com.termux/files/usr/lib/python3.12/site-packages/telegram/_bot.py", line 703, in _post
    return await self._do_post(
           ^^^^^^^^^^^^^^^^^^^^
  File "/data/data/com.termux/files/usr/lib/python3.12/site-packages/telegram/ext/_extbot.py", line 372, in _do_post
    return await super()._do_post(
           ^^^^^^^^^^^^^^^^^^^^^^^
  File "/data/data/com.termux/files/usr/lib/python3.12/site-packages/telegram/_bot.py", line 732, in _do_post
    result = await request.post(
             ^^^^^^^^^^^^^^^^^^^
  File "/data/data/com.termux/files/usr/lib/python3.12/site-packages/telegram/request/_baserequest.py", line 198, in post
    result = await self._request_wrapper(
             ^^^^^^^^^^^^^^^^^^^^^^^^^^^^
  File "/data/data/com.termux/files/usr/lib/python3.12/site-packages/telegram/request/_baserequest.py", line 375, in _request_wrapper
    raise exception
telegram.error.BadRequest: Message is not modified: specified new message content and reply markup are exactly the same as a current content and reply markup of the message
2026-09-14 12:04:02,954 | INFO     | httpx | HTTP Request: POST https://api.telegram.org/bot8895975047:AAE_eXzUepLl7GN1AkRT4Z-nakCYjCqDwrU/answerCallbackQuery "HTTP/1.1 200 OK"
2026-09-14 12:04:06,319 | INFO     | httpx | HTTP Request: POST https://api.telegram.org/bot8895975047:AAE_eXzUepLl7GN1AkRT4Z-nakCYjCqDwrU/getUpdates "HTTP/1.1 200 OK"
2026-09-14 12:04:06,549 | INFO     | httpx | HTTP Request: POST https://api.telegram.org/bot8895975047:AAE_eXzUepLl7GN1AkRT4Z-nakCYjCqDwrU/getUpdates "HTTP/1.1 200 OK"
2026-09-14 12:04:06,700 | INFO     | httpx | HTTP Request: POST https://api.telegram.org/bot8895975047:AAE_eXzUepLl7GN1AkRT4Z-nakCYjCqDwrU/answerCallbackQuery "HTTP/1.1 200 OK"
2026-09-14 12:04:07,081 | INFO     | httpx | HTTP Request: POST https://api.telegram.org/bot8895975047:AAE_eXzUepLl7GN1AkRT4Z-nakCYjCqDwrU/answerCallbackQuery "HTTP/1.1 200 OK"
2026-09-14 12:04:41,997 | INFO     | httpx | HTTP Request: POST https://api.telegram.org/bot8895975047:AAE_eXzUepLl7GN1AkRT4Z-nakCYjCqDwrU/getUpdates "HTTP/1.1 200 OK"
2026-09-14 12:06:22,861 | INFO     | __main__ | Bot online.
2026-09-14 12:06:32,533 | INFO     | __main__ | Bot online.
2026-09-14 12:06:34,573 | INFO     | httpx | HTTP Request: POST https://api.telegram.org/bot8895975047:AAE_eXzUepLl7GN1AkRT4Z-nakCYjCqDwrU/getMe "HTTP/1.1 200 OK"
2026-09-14 12:06:34,574 | INFO     | apscheduler.scheduler | Scheduler started
2026-09-14 12:06:34,575 | INFO     | telegram.ext.Application | Application started
2026-09-14 12:06:34,850 | INFO     | httpx | HTTP Request: POST https://api.telegram.org/bot8895975047:AAE_eXzUepLl7GN1AkRT4Z-nakCYjCqDwrU/deleteWebhook "HTTP/1.1 200 OK"
2026-09-14 12:06:37,685 | INFO     | httpx | HTTP Request: POST https://api.telegram.org/bot8895975047:AAE_eXzUepLl7GN1AkRT4Z-nakCYjCqDwrU/getUpdates "HTTP/1.1 200 OK"
2026-09-14 12:06:38,105 | INFO     | httpx | HTTP Request: POST https://api.telegram.org/bot8895975047:AAE_eXzUepLl7GN1AkRT4Z-nakCYjCqDwrU/answerCallbackQuery "HTTP/1.1 200 OK"
2026-09-14 12:06:38,801 | INFO     | httpx | HTTP Request: POST https://api.telegram.org/bot8895975047:AAE_eXzUepLl7GN1AkRT4Z-nakCYjCqDwrU/editMessageText "HTTP/1.1 200 OK"
2026-09-14 12:06:39,928 | INFO     | httpx | HTTP Request: POST https://api.telegram.org/bot8895975047:AAE_eXzUepLl7GN1AkRT4Z-nakCYjCqDwrU/getUpdates "HTTP/1.1 200 OK"
2026-09-14 12:06:40,334 | INFO     | httpx | HTTP Request: POST https://api.telegram.org/bot8895975047:AAE_eXzUepLl7GN1AkRT4Z-nakCYjCqDwrU/getUpdates "HTTP/1.1 200 OK"
2026-09-14 12:06:40,433 | INFO     | httpx | HTTP Request: POST https://api.telegram.org/bot8895975047:AAE_eXzUepLl7GN1AkRT4Z-nakCYjCqDwrU/answerCallbackQuery "HTTP/1.1 200 OK"
2026-09-14 12:06:41,004 | INFO     | httpx | HTTP Request: POST https://api.telegram.org/bot8895975047:AAE_eXzUepLl7GN1AkRT4Z-nakCYjCqDwrU/editMessageText "HTTP/1.1 200 OK"
2026-09-14 12:06:41,782 | INFO     | httpx | HTTP Request: POST https://api.telegram.org/bot8895975047:AAE_eXzUepLl7GN1AkRT4Z-nakCYjCqDwrU/answerCallbackQuery "HTTP/1.1 200 OK"
2026-09-14 12:06:41,785 | INFO     | httpx | HTTP Request: POST https://api.telegram.org/bot8895975047:AAE_eXzUepLl7GN1AkRT4Z-nakCYjCqDwrU/getUpdates "HTTP/1.1 200 OK"
2026-09-14 12:06:42,261 | INFO     | httpx | HTTP Request: POST https://api.telegram.org/bot8895975047:AAE_eXzUepLl7GN1AkRT4Z-nakCYjCqDwrU/editMessageText "HTTP/1.1 400 Bad Request"
2026-09-14 12:06:42,264 | ERROR    | telegram.ext.Application | No error handlers are registered, logging exception.
Traceback (most recent call last):
  File "/data/data/com.termux/files/usr/lib/python3.12/site-packages/telegram/ext/_application.py", line 1315, in process_update
    await coroutine
  File "/data/data/com.termux/files/usr/lib/python3.12/site-packages/telegram/ext/_handlers/basehandler.py", line 159, in handle_update
    return await self.callback(update, context)
           ^^^^^^^^^^^^^^^^^^^^^^^^^^^^^^^^^^^^
  File "/storage/emulated/0/Python/BOT/bot1.py", line 567, in on_callback
    await q.edit_message_text(
  File "/data/data/com.termux/files/usr/lib/python3.12/site-packages/telegram/_callbackquery.py", line 268, in edit_message_text
    return await self._get_message().edit_text(
           ^^^^^^^^^^^^^^^^^^^^^^^^^^^^^^^^^^^^
  File "/data/data/com.termux/files/usr/lib/python3.12/site-packages/telegram/_message.py", line 4142, in edit_text
    return await self.get_bot().edit_message_text(
           ^^^^^^^^^^^^^^^^^^^^^^^^^^^^^^^^^^^^^^^
  File "/data/data/com.termux/files/usr/lib/python3.12/site-packages/telegram/ext/_extbot.py", line 1735, in edit_message_text
    return await super().edit_message_text(
           ^^^^^^^^^^^^^^^^^^^^^^^^^^^^^^^^
  File "/data/data/com.termux/files/usr/lib/python3.12/site-packages/telegram/_bot.py", line 4463, in edit_message_text
    return await self._send_message(
           ^^^^^^^^^^^^^^^^^^^^^^^^^
  File "/data/data/com.termux/files/usr/lib/python3.12/site-packages/telegram/ext/_extbot.py", line 634, in _send_message
    result = await super()._send_message(
             ^^^^^^^^^^^^^^^^^^^^^^^^^^^^
  File "/data/data/com.termux/files/usr/lib/python3.12/site-packages/telegram/_bot.py", line 819, in _send_message
    result = await self._post(
             ^^^^^^^^^^^^^^^^^
  File "/data/data/com.termux/files/usr/lib/python3.12/site-packages/telegram/_bot.py", line 703, in _post
    return await self._do_post(
           ^^^^^^^^^^^^^^^^^^^^
  File "/data/data/com.termux/files/usr/lib/python3.12/site-packages/telegram/ext/_extbot.py", line 372, in _do_post
    return await super()._do_post(
           ^^^^^^^^^^^^^^^^^^^^^^^
  File "/data/data/com.termux/files/usr/lib/python3.12/site-packages/telegram/_bot.py", line 732, in _do_post
    result = await request.post(
             ^^^^^^^^^^^^^^^^^^^
  File "/data/data/com.termux/files/usr/lib/python3.12/site-packages/telegram/request/_baserequest.py", line 198, in post
    result = await self._request_wrapper(
             ^^^^^^^^^^^^^^^^^^^^^^^^^^^^
  File "/data/data/com.termux/files/usr/lib/python3.12/site-packages/telegram/request/_baserequest.py", line 375, in _request_wrapper
    raise exception
telegram.error.BadRequest: Message is not modified: specified new message content and reply markup are exactly the same as a current content and reply markup of the message
2026-09-14 12:06:42,717 | INFO     | httpx | HTTP Request: POST https://api.telegram.org/bot8895975047:AAE_eXzUepLl7GN1AkRT4Z-nakCYjCqDwrU/answerCallbackQuery "HTTP/1.1 200 OK"
2026-09-14 12:06:42,816 | ERROR    | telegram.ext.Application | No error handlers are registered, logging exception.
Traceback (most recent call last):
  File "/data/data/com.termux/files/usr/lib/python3.12/site-packages/telegram/ext/_application.py", line 1315, in process_update
    await coroutine
  File "/data/data/com.termux/files/usr/lib/python3.12/site-packages/telegram/ext/_handlers/basehandler.py", line 159, in handle_update
    return await self.callback(update, context)
           ^^^^^^^^^^^^^^^^^^^^^^^^^^^^^^^^^^^^
  File "/storage/emulated/0/Python/BOT/bot1.py", line 582, in on_callback
    success, result = await buy_account_tier(uid, price)
                      ^^^^^^^^^^^^^^^^^^^^^^^^^^^^^^^^^^
  File "/storage/emulated/0/Python/BOT/bot1.py", line 149, in buy_account_tier
    await db.execute(
  File "/data/data/com.termux/files/usr/lib/python3.12/site-packages/aiosqlite/core.py", line 223, in execute
    cursor = await self._execute(self._conn.execute, sql, parameters)
             ^^^^^^^^^^^^^^^^^^^^^^^^^^^^^^^^^^^^^^^^^^^^^^^^^^^^^^^^
  File "/data/data/com.termux/files/usr/lib/python3.12/site-packages/aiosqlite/core.py", line 160, in _execute
    return await future
           ^^^^^^^^^^^^
  File "/data/data/com.termux/files/usr/lib/python3.12/site-packages/aiosqlite/core.py", line 63, in _connection_worker_thread
    result = function()
             ^^^^^^^^^^
sqlite3.OperationalError: no such table: purchases
2026-09-14 12:06:52,020 | INFO     | httpx | HTTP Request: POST https://api.telegram.org/bot8895975047:AAE_eXzUepLl7GN1AkRT4Z-nakCYjCqDwrU/getUpdates "HTTP/1.1 200 OK"
2026-09-14 12:07:02,349 | INFO     | httpx | HTTP Request: POST https://api.telegram.org/bot8895975047:AAE_eXzUepLl7GN1AkRT4Z-nakCYjCqDwrU/getUpdates "HTTP/1.1 200 OK"
2026-09-14 12:07:05,112 | INFO     | httpx | HTTP Request: POST https://api.telegram.org/bot8895975047:AAE_eXzUepLl7GN1AkRT4Z-nakCYjCqDwrU/getUpdates "HTTP/1.1 200 OK"
2026-09-14 12:07:05,973 | INFO     | httpx | HTTP Request: POST https://api.telegram.org/bot8895975047:AAE_eXzUepLl7GN1AkRT4Z-nakCYjCqDwrU/answerCallbackQuery "HTTP/1.1 200 OK"
2026-09-14 12:07:06,063 | ERROR    | telegram.ext.Application | No error handlers are registered, logging exception.
Traceback (most recent call last):
  File "/data/data/com.termux/files/usr/lib/python3.12/site-packages/telegram/ext/_application.py", line 1315, in process_update
    await coroutine
  File "/data/data/com.termux/files/usr/lib/python3.12/site-packages/telegram/ext/_handlers/basehandler.py", line 159, in handle_update
    return await self.callback(update, context)
           ^^^^^^^^^^^^^^^^^^^^^^^^^^^^^^^^^^^^
  File "/storage/emulated/0/Python/BOT/bot1.py", line 582, in on_callback
    success, result = await buy_account_tier(uid, price)
                      ^^^^^^^^^^^^^^^^^^^^^^^^^^^^^^^^^^
  File "/storage/emulated/0/Python/BOT/bot1.py", line 149, in buy_account_tier
    await db.execute(
  File "/data/data/com.termux/files/usr/lib/python3.12/site-packages/aiosqlite/core.py", line 223, in execute
    cursor = await self._execute(self._conn.execute, sql, parameters)
             ^^^^^^^^^^^^^^^^^^^^^^^^^^^^^^^^^^^^^^^^^^^^^^^^^^^^^^^^
  File "/data/data/com.termux/files/usr/lib/python3.12/site-packages/aiosqlite/core.py", line 160, in _execute
    return await future
           ^^^^^^^^^^^^
  File "/data/data/com.termux/files/usr/lib/python3.12/site-packages/aiosqlite/core.py", line 63, in _connection_worker_thread
    result = function()
             ^^^^^^^^^^
sqlite3.OperationalError: no such table: purchases
2026-09-14 12:07:15,329 | INFO     | httpx | HTTP Request: POST https://api.telegram.org/bot8895975047:AAE_eXzUepLl7GN1AkRT4Z-nakCYjCqDwrU/getUpdates "HTTP/1.1 200 OK"
2026-09-14 12:08:11,901 | INFO     | __main__ | Bot online.
2026-09-14 12:08:12,588 | INFO     | httpx | HTTP Request: POST https://api.telegram.org/bot8895975047:AAE_eXzUepLl7GN1AkRT4Z-nakCYjCqDwrU/getMe "HTTP/1.1 200 OK"
2026-09-14 12:08:12,591 | INFO     | apscheduler.scheduler | Scheduler started
2026-09-14 12:08:12,591 | INFO     | telegram.ext.Application | Application started
2026-09-14 12:08:12,819 | INFO     | httpx | HTTP Request: POST https://api.telegram.org/bot8895975047:AAE_eXzUepLl7GN1AkRT4Z-nakCYjCqDwrU/deleteWebhook "HTTP/1.1 200 OK"
2026-09-14 12:08:20,170 | INFO     | httpx | HTTP Request: POST https://api.telegram.org/bot8895975047:AAE_eXzUepLl7GN1AkRT4Z-nakCYjCqDwrU/getUpdates "HTTP/1.1 200 OK"
2026-09-14 12:08:20,381 | INFO     | httpx | HTTP Request: POST https://api.telegram.org/bot8895975047:AAE_eXzUepLl7GN1AkRT4Z-nakCYjCqDwrU/getUpdates "HTTP/1.1 200 OK"
2026-09-14 12:08:21,006 | INFO     | httpx | HTTP Request: POST https://api.telegram.org/bot8895975047:AAE_eXzUepLl7GN1AkRT4Z-nakCYjCqDwrU/answerCallbackQuery "HTTP/1.1 200 OK"
2026-09-14 12:08:22,014 | INFO     | httpx | HTTP Request: POST https://api.telegram.org/bot8895975047:AAE_eXzUepLl7GN1AkRT4Z-nakCYjCqDwrU/editMessageText "HTTP/1.1 400 Bad Request"
2026-09-14 12:08:22,015 | ERROR    | telegram.ext.Application | No error handlers are registered, logging exception.
Traceback (most recent call last):
  File "/data/data/com.termux/files/usr/lib/python3.12/site-packages/telegram/ext/_application.py", line 1315, in process_update
    await coroutine
  File "/data/data/com.termux/files/usr/lib/python3.12/site-packages/telegram/ext/_handlers/basehandler.py", line 159, in handle_update
    return await self.callback(update, context)
           ^^^^^^^^^^^^^^^^^^^^^^^^^^^^^^^^^^^^
  File "/storage/emulated/0/Python/BOT/bot1.py", line 596, in on_callback
    await q.edit_message_text(
  File "/data/data/com.termux/files/usr/lib/python3.12/site-packages/telegram/_callbackquery.py", line 268, in edit_message_text
    return await self._get_message().edit_text(
           ^^^^^^^^^^^^^^^^^^^^^^^^^^^^^^^^^^^^
  File "/data/data/com.termux/files/usr/lib/python3.12/site-packages/telegram/_message.py", line 4142, in edit_text
    return await self.get_bot().edit_message_text(
           ^^^^^^^^^^^^^^^^^^^^^^^^^^^^^^^^^^^^^^^
  File "/data/data/com.termux/files/usr/lib/python3.12/site-packages/telegram/ext/_extbot.py", line 1735, in edit_message_text
    return await super().edit_message_text(
           ^^^^^^^^^^^^^^^^^^^^^^^^^^^^^^^^
  File "/data/data/com.termux/files/usr/lib/python3.12/site-packages/telegram/_bot.py", line 4463, in edit_message_text
    return await self._send_message(
           ^^^^^^^^^^^^^^^^^^^^^^^^^
  File "/data/data/com.termux/files/usr/lib/python3.12/site-packages/telegram/ext/_extbot.py", line 634, in _send_message
    result = await super()._send_message(
             ^^^^^^^^^^^^^^^^^^^^^^^^^^^^
  File "/data/data/com.termux/files/usr/lib/python3.12/site-packages/telegram/_bot.py", line 819, in _send_message
    result = await self._post(
             ^^^^^^^^^^^^^^^^^
  File "/data/data/com.termux/files/usr/lib/python3.12/site-packages/telegram/_bot.py", line 703, in _post
    return await self._do_post(
           ^^^^^^^^^^^^^^^^^^^^
  File "/data/data/com.termux/files/usr/lib/python3.12/site-packages/telegram/ext/_extbot.py", line 372, in _do_post
    return await super()._do_post(
           ^^^^^^^^^^^^^^^^^^^^^^^
  File "/data/data/com.termux/files/usr/lib/python3.12/site-packages/telegram/_bot.py", line 732, in _do_post
    result = await request.post(
             ^^^^^^^^^^^^^^^^^^^
  File "/data/data/com.termux/files/usr/lib/python3.12/site-packages/telegram/request/_baserequest.py", line 198, in post
    result = await self._request_wrapper(
             ^^^^^^^^^^^^^^^^^^^^^^^^^^^^
  File "/data/data/com.termux/files/usr/lib/python3.12/site-packages/telegram/request/_baserequest.py", line 375, in _request_wrapper
    raise exception
telegram.error.BadRequest: Text is too long
2026-09-14 12:08:22,626 | INFO     | httpx | HTTP Request: POST https://api.telegram.org/bot8895975047:AAE_eXzUepLl7GN1AkRT4Z-nakCYjCqDwrU/answerCallbackQuery "HTTP/1.1 200 OK"
2026-09-14 12:08:23,075 | INFO     | httpx | HTTP Request: POST https://api.telegram.org/bot8895975047:AAE_eXzUepLl7GN1AkRT4Z-nakCYjCqDwrU/editMessageText "HTTP/1.1 200 OK"
2026-09-14 12:08:28,360 | INFO     | httpx | HTTP Request: POST https://api.telegram.org/bot8895975047:AAE_eXzUepLl7GN1AkRT4Z-nakCYjCqDwrU/getUpdates "HTTP/1.1 200 OK"
2026-09-14 12:08:29,159 | INFO     | httpx | HTTP Request: POST https://api.telegram.org/bot8895975047:AAE_eXzUepLl7GN1AkRT4Z-nakCYjCqDwrU/answerCallbackQuery "HTTP/1.1 200 OK"
2026-09-14 12:08:29,695 | INFO     | httpx | HTTP Request: POST https://api.telegram.org/bot8895975047:AAE_eXzUepLl7GN1AkRT4Z-nakCYjCqDwrU/editMessageText "HTTP/1.1 200 OK"
2026-09-14 12:08:38,565 | INFO     | httpx | HTTP Request: POST https://api.telegram.org/bot8895975047:AAE_eXzUepLl7GN1AkRT4Z-nakCYjCqDwrU/getUpdates "HTTP/1.1 200 OK"
2026-09-14 12:08:40,659 | INFO     | httpx | HTTP Request: POST https://api.telegram.org/bot8895975047:AAE_eXzUepLl7GN1AkRT4Z-nakCYjCqDwrU/getUpdates "HTTP/1.1 200 OK"
2026-09-14 12:08:41,667 | INFO     | httpx | HTTP Request: POST https://api.telegram.org/bot8895975047:AAE_eXzUepLl7GN1AkRT4Z-nakCYjCqDwrU/sendMessage "HTTP/1.1 200 OK"
2026-09-14 12:08:43,413 | INFO     | httpx | HTTP Request: POST https://api.telegram.org/bot8895975047:AAE_eXzUepLl7GN1AkRT4Z-nakCYjCqDwrU/getUpdates "HTTP/1.1 200 OK"
2026-09-14 12:08:43,783 | INFO     | httpx | HTTP Request: POST https://api.telegram.org/bot8895975047:AAE_eXzUepLl7GN1AkRT4Z-nakCYjCqDwrU/answerCallbackQuery "HTTP/1.1 200 OK"
2026-09-14 12:08:44,183 | INFO     | httpx | HTTP Request: POST https://api.telegram.org/bot8895975047:AAE_eXzUepLl7GN1AkRT4Z-nakCYjCqDwrU/editMessageText "HTTP/1.1 200 OK"
2026-09-14 12:08:45,437 | INFO     | httpx | HTTP Request: POST https://api.telegram.org/bot8895975047:AAE_eXzUepLl7GN1AkRT4Z-nakCYjCqDwrU/getUpdates "HTTP/1.1 200 OK"
2026-09-14 12:08:45,875 | INFO     | httpx | HTTP Request: POST https://api.telegram.org/bot8895975047:AAE_eXzUepLl7GN1AkRT4Z-nakCYjCqDwrU/answerCallbackQuery "HTTP/1.1 200 OK"
2026-09-14 12:08:46,354 | INFO     | httpx | HTTP Request: POST https://api.telegram.org/bot8895975047:AAE_eXzUepLl7GN1AkRT4Z-nakCYjCqDwrU/editMessageText "HTTP/1.1 200 OK"
2026-09-14 12:08:55,701 | INFO     | httpx | HTTP Request: POST https://api.telegram.org/bot8895975047:AAE_eXzUepLl7GN1AkRT4Z-nakCYjCqDwrU/getUpdates "HTTP/1.1 200 OK"
2026-09-14 12:08:58,319 | INFO     | httpx | HTTP Request: POST https://api.telegram.org/bot8895975047:AAE_eXzUepLl7GN1AkRT4Z-nakCYjCqDwrU/getUpdates "HTTP/1.1 200 OK"
2026-09-14 12:08:58,320 | ERROR    | telegram.ext.Application | No error handlers are registered, logging exception.
Traceback (most recent call last):
  File "/data/data/com.termux/files/usr/lib/python3.12/site-packages/telegram/ext/_application.py", line 1315, in process_update
    await coroutine
  File "/data/data/com.termux/files/usr/lib/python3.12/site-packages/telegram/ext/_handlers/basehandler.py", line 159, in handle_update
    return await self.callback(update, context)
           ^^^^^^^^^^^^^^^^^^^^^^^^^^^^^^^^^^^^
  File "/storage/emulated/0/Python/BOT/bot1.py", line 1036, in on_message
    if data == "buy_account":
       ^^^^
NameError: name 'data' is not defined
2026-09-14 12:09:08,605 | INFO     | httpx | HTTP Request: POST https://api.telegram.org/bot8895975047:AAE_eXzUepLl7GN1AkRT4Z-nakCYjCqDwrU/getUpdates "HTTP/1.1 200 OK"
2026-09-14 12:09:18,850 | INFO     | httpx | HTTP Request: POST https://api.telegram.org/bot8895975047:AAE_eXzUepLl7GN1AkRT4Z-nakCYjCqDwrU/getUpdates "HTTP/1.1 200 OK"
2026-09-14 12:09:29,187 | INFO     | httpx | HTTP Request: POST https://api.telegram.org/bot8895975047:AAE_eXzUepLl7GN1AkRT4Z-nakCYjCqDwrU/getUpdates "HTTP/1.1 200 OK"
2026-09-14 12:11:12,323 | INFO     | __main__ | Bot online.
2026-09-14 12:11:30,221 | INFO     | __main__ | Bot online.
2026-09-14 12:11:35,784 | INFO     | httpx | HTTP Request: POST https://api.telegram.org/bot8895975047:AAE_eXzUepLl7GN1AkRT4Z-nakCYjCqDwrU/getMe "HTTP/1.1 200 OK"
2026-09-14 12:11:35,791 | INFO     | apscheduler.scheduler | Scheduler started
2026-09-14 12:11:35,792 | INFO     | telegram.ext.Application | Application started
2026-09-14 12:11:35,999 | INFO     | httpx | HTTP Request: POST https://api.telegram.org/bot8895975047:AAE_eXzUepLl7GN1AkRT4Z-nakCYjCqDwrU/deleteWebhook "HTTP/1.1 200 OK"
2026-09-14 12:11:46,709 | INFO     | httpx | HTTP Request: POST https://api.telegram.org/bot8895975047:AAE_eXzUepLl7GN1AkRT4Z-nakCYjCqDwrU/getUpdates "HTTP/1.1 200 OK"
2026-09-14 12:11:48,794 | INFO     | httpx | HTTP Request: POST https://api.telegram.org/bot8895975047:AAE_eXzUepLl7GN1AkRT4Z-nakCYjCqDwrU/getUpdates "HTTP/1.1 200 OK"
2026-09-14 12:11:50,490 | INFO     | httpx | HTTP Request: POST https://api.telegram.org/bot8895975047:AAE_eXzUepLl7GN1AkRT4Z-nakCYjCqDwrU/sendMessage "HTTP/1.1 200 OK"
2026-09-14 12:11:51,830 | INFO     | httpx | HTTP Request: POST https://api.telegram.org/bot8895975047:AAE_eXzUepLl7GN1AkRT4Z-nakCYjCqDwrU/getUpdates "HTTP/1.1 200 OK"
2026-09-14 12:11:52,302 | INFO     | httpx | HTTP Request: POST https://api.telegram.org/bot8895975047:AAE_eXzUepLl7GN1AkRT4Z-nakCYjCqDwrU/answerCallbackQuery "HTTP/1.1 200 OK"
2026-09-14 12:11:52,753 | INFO     | httpx | HTTP Request: POST https://api.telegram.org/bot8895975047:AAE_eXzUepLl7GN1AkRT4Z-nakCYjCqDwrU/editMessageText "HTTP/1.1 200 OK"
2026-09-14 12:11:54,536 | INFO     | httpx | HTTP Request: POST https://api.telegram.org/bot8895975047:AAE_eXzUepLl7GN1AkRT4Z-nakCYjCqDwrU/getUpdates "HTTP/1.1 200 OK"
2026-09-14 12:11:55,296 | INFO     | httpx | HTTP Request: POST https://api.telegram.org/bot8895975047:AAE_eXzUepLl7GN1AkRT4Z-nakCYjCqDwrU/answerCallbackQuery "HTTP/1.1 200 OK"
2026-09-14 12:11:55,859 | INFO     | httpx | HTTP Request: POST https://api.telegram.org/bot8895975047:AAE_eXzUepLl7GN1AkRT4Z-nakCYjCqDwrU/editMessageText "HTTP/1.1 200 OK"
2026-09-14 12:12:05,008 | INFO     | httpx | HTTP Request: POST https://api.telegram.org/bot8895975047:AAE_eXzUepLl7GN1AkRT4Z-nakCYjCqDwrU/getUpdates "HTTP/1.1 200 OK"
2026-09-14 12:12:13,627 | INFO     | httpx | HTTP Request: POST https://api.telegram.org/bot8895975047:AAE_eXzUepLl7GN1AkRT4Z-nakCYjCqDwrU/getUpdates "HTTP/1.1 200 OK"
2026-09-14 12:12:24,771 | INFO     | httpx | HTTP Request: POST https://api.telegram.org/bot8895975047:AAE_eXzUepLl7GN1AkRT4Z-nakCYjCqDwrU/getUpdates "HTTP/1.1 200 OK"
2026-09-14 12:12:35,337 | INFO     | httpx | HTTP Request: POST https://api.telegram.org/bot8895975047:AAE_eXzUepLl7GN1AkRT4Z-nakCYjCqDwrU/getUpdates "HTTP/1.1 200 OK"
2026-09-14 12:12:58,582 | INFO     | httpx | HTTP Request: POST https://api.telegram.org/bot8895975047:AAE_eXzUepLl7GN1AkRT4Z-nakCYjCqDwrU/getUpdates "HTTP/1.1 200 OK"
2026-09-14 12:12:59,474 | INFO     | httpx | HTTP Request: POST https://api.telegram.org/bot8895975047:AAE_eXzUepLl7GN1AkRT4Z-nakCYjCqDwrU/deleteMessage "HTTP/1.1 200 OK"
2026-09-14 12:12:59,968 | INFO     | httpx | HTTP Request: POST https://api.telegram.org/bot8895975047:AAE_eXzUepLl7GN1AkRT4Z-nakCYjCqDwrU/sendMessage "HTTP/1.1 200 OK"
2026-09-14 12:13:47,078 | INFO     | httpx | HTTP Request: POST https://api.telegram.org/bot8895975047:AAE_eXzUepLl7GN1AkRT4Z-nakCYjCqDwrU/getUpdates "HTTP/1.1 200 OK"
2026-09-14 12:13:54,481 | INFO     | __main__ | Bot online.
2026-09-14 12:13:55,206 | INFO     | httpx | HTTP Request: POST https://api.telegram.org/bot8895975047:AAE_eXzUepLl7GN1AkRT4Z-nakCYjCqDwrU/getMe "HTTP/1.1 200 OK"
2026-09-14 12:13:55,208 | INFO     | apscheduler.scheduler | Scheduler started
2026-09-14 12:13:55,209 | INFO     | telegram.ext.Application | Application started
2026-09-14 12:13:55,470 | INFO     | httpx | HTTP Request: POST https://api.telegram.org/bot8895975047:AAE_eXzUepLl7GN1AkRT4Z-nakCYjCqDwrU/deleteWebhook "HTTP/1.1 200 OK"
2026-09-14 12:14:06,089 | INFO     | httpx | HTTP Request: POST https://api.telegram.org/bot8895975047:AAE_eXzUepLl7GN1AkRT4Z-nakCYjCqDwrU/getUpdates "HTTP/1.1 200 OK"
2026-09-14 12:14:07,117 | INFO     | httpx | HTTP Request: POST https://api.telegram.org/bot8895975047:AAE_eXzUepLl7GN1AkRT4Z-nakCYjCqDwrU/getUpdates "HTTP/1.1 200 OK"
2026-09-14 12:14:08,773 | INFO     | httpx | HTTP Request: POST https://api.telegram.org/bot8895975047:AAE_eXzUepLl7GN1AkRT4Z-nakCYjCqDwrU/sendMessage "HTTP/1.1 200 OK"
2026-09-14 12:14:10,632 | INFO     | httpx | HTTP Request: POST https://api.telegram.org/bot8895975047:AAE_eXzUepLl7GN1AkRT4Z-nakCYjCqDwrU/getUpdates "HTTP/1.1 200 OK"
2026-09-14 12:14:11,146 | INFO     | httpx | HTTP Request: POST https://api.telegram.org/bot8895975047:AAE_eXzUepLl7GN1AkRT4Z-nakCYjCqDwrU/answerCallbackQuery "HTTP/1.1 200 OK"
2026-09-14 12:14:11,559 | INFO     | httpx | HTTP Request: POST https://api.telegram.org/bot8895975047:AAE_eXzUepLl7GN1AkRT4Z-nakCYjCqDwrU/editMessageText "HTTP/1.1 200 OK"
2026-09-14 12:14:13,093 | INFO     | httpx | HTTP Request: POST https://api.telegram.org/bot8895975047:AAE_eXzUepLl7GN1AkRT4Z-nakCYjCqDwrU/getUpdates "HTTP/1.1 200 OK"
2026-09-14 12:14:13,523 | INFO     | httpx | HTTP Request: POST https://api.telegram.org/bot8895975047:AAE_eXzUepLl7GN1AkRT4Z-nakCYjCqDwrU/answerCallbackQuery "HTTP/1.1 200 OK"
2026-09-14 12:14:14,095 | INFO     | httpx | HTTP Request: POST https://api.telegram.org/bot8895975047:AAE_eXzUepLl7GN1AkRT4Z-nakCYjCqDwrU/editMessageText "HTTP/1.1 200 OK"
2026-09-14 12:14:23,316 | INFO     | httpx | HTTP Request: POST https://api.telegram.org/bot8895975047:AAE_eXzUepLl7GN1AkRT4Z-nakCYjCqDwrU/getUpdates "HTTP/1.1 200 OK"
2026-09-14 12:14:26,399 | INFO     | httpx | HTTP Request: POST https://api.telegram.org/bot8895975047:AAE_eXzUepLl7GN1AkRT4Z-nakCYjCqDwrU/getUpdates "HTTP/1.1 200 OK"
2026-09-14 12:14:27,477 | INFO     | httpx | HTTP Request: POST https://api.telegram.org/bot8895975047:AAE_eXzUepLl7GN1AkRT4Z-nakCYjCqDwrU/getFile "HTTP/1.1 200 OK"
2026-09-14 12:14:27,780 | INFO     | httpx | HTTP Request: GET https://api.telegram.org/file/bot8895975047%3AAAE_eXzUepLl7GN1AkRT4Z-nakCYjCqDwrU/documents/file_1.txt "HTTP/1.1 200 OK"
2026-09-14 12:14:28,196 | ERROR    | telegram.ext.Application | No error handlers are registered, logging exception.
Traceback (most recent call last):
  File "/data/data/com.termux/files/usr/lib/python3.12/site-packages/telegram/ext/_application.py", line 1315, in process_update
    await coroutine
  File "/data/data/com.termux/files/usr/lib/python3.12/site-packages/telegram/ext/_handlers/basehandler.py", line 159, in handle_update
    return await self.callback(update, context)
           ^^^^^^^^^^^^^^^^^^^^^^^^^^^^^^^^^^^^
  File "/storage/emulated/0/Python/BOT/bot1.py", line 1064, in on_message
    total_tier_stock = await get_stock_count_by_tier(tier)
                             ^^^^^^^^^^^^^^^^^^^^^^^
NameError: name 'get_stock_count_by_tier' is not defined
2026-09-14 12:14:36,606 | INFO     | httpx | HTTP Request: POST https://api.telegram.org/bot8895975047:AAE_eXzUepLl7GN1AkRT4Z-nakCYjCqDwrU/getUpdates "HTTP/1.1 200 OK"
2026-09-14 12:14:46,809 | INFO     | httpx | HTTP Request: POST https://api.telegram.org/bot8895975047:AAE_eXzUepLl7GN1AkRT4Z-nakCYjCqDwrU/getUpdates "HTTP/1.1 200 OK"
2026-09-14 12:15:26,470 | INFO     | __main__ | Bot online.
2026-09-14 12:15:27,237 | INFO     | httpx | HTTP Request: POST https://api.telegram.org/bot8895975047:AAE_eXzUepLl7GN1AkRT4Z-nakCYjCqDwrU/getMe "HTTP/1.1 200 OK"
2026-09-14 12:15:27,241 | INFO     | apscheduler.scheduler | Scheduler started
2026-09-14 12:15:27,241 | INFO     | telegram.ext.Application | Application started
2026-09-14 12:15:27,464 | INFO     | httpx | HTTP Request: POST https://api.telegram.org/bot8895975047:AAE_eXzUepLl7GN1AkRT4Z-nakCYjCqDwrU/deleteWebhook "HTTP/1.1 200 OK"
2026-09-14 12:15:35,751 | INFO     | httpx | HTTP Request: POST https://api.telegram.org/bot8895975047:AAE_eXzUepLl7GN1AkRT4Z-nakCYjCqDwrU/getUpdates "HTTP/1.1 200 OK"
2026-09-14 12:15:36,830 | INFO     | httpx | HTTP Request: POST https://api.telegram.org/bot8895975047:AAE_eXzUepLl7GN1AkRT4Z-nakCYjCqDwrU/sendMessage "HTTP/1.1 200 OK"
2026-09-14 12:15:39,393 | INFO     | httpx | HTTP Request: POST https://api.telegram.org/bot8895975047:AAE_eXzUepLl7GN1AkRT4Z-nakCYjCqDwrU/getUpdates "HTTP/1.1 200 OK"
2026-09-14 12:15:39,777 | INFO     | httpx | HTTP Request: POST https://api.telegram.org/bot8895975047:AAE_eXzUepLl7GN1AkRT4Z-nakCYjCqDwrU/answerCallbackQuery "HTTP/1.1 200 OK"
2026-09-14 12:15:39,778 | ERROR    | telegram.ext.Application | No error handlers are registered, logging exception.
Traceback (most recent call last):
  File "/data/data/com.termux/files/usr/lib/python3.12/site-packages/telegram/ext/_application.py", line 1315, in process_update
    await coroutine
  File "/data/data/com.termux/files/usr/lib/python3.12/site-packages/telegram/ext/_handlers/basehandler.py", line 159, in handle_update
    return await self.callback(update, context)
           ^^^^^^^^^^^^^^^^^^^^^^^^^^^^^^^^^^^^
  File "/storage/emulated/0/Python/BOT/bot1.py", line 753, in on_callback
    stock = await get_stock_count()
                  ^^^^^^^^^^^^^^^
NameError: name 'get_stock_count' is not defined
2026-09-14 12:15:43,372 | INFO     | httpx | HTTP Request: POST https://api.telegram.org/bot8895975047:AAE_eXzUepLl7GN1AkRT4Z-nakCYjCqDwrU/getUpdates "HTTP/1.1 200 OK"
2026-09-14 12:15:43,752 | INFO     | httpx | HTTP Request: POST https://api.telegram.org/bot8895975047:AAE_eXzUepLl7GN1AkRT4Z-nakCYjCqDwrU/answerCallbackQuery "HTTP/1.1 200 OK"
2026-09-14 12:15:43,754 | ERROR    | telegram.ext.Application | No error handlers are registered, logging exception.
Traceback (most recent call last):
  File "/data/data/com.termux/files/usr/lib/python3.12/site-packages/telegram/ext/_application.py", line 1315, in process_update
    await coroutine
  File "/data/data/com.termux/files/usr/lib/python3.12/site-packages/telegram/ext/_handlers/basehandler.py", line 159, in handle_update
    return await self.callback(update, context)
           ^^^^^^^^^^^^^^^^^^^^^^^^^^^^^^^^^^^^
  File "/storage/emulated/0/Python/BOT/bot1.py", line 753, in on_callback
    stock = await get_stock_count()
                  ^^^^^^^^^^^^^^^
NameError: name 'get_stock_count' is not defined
2026-09-14 12:15:53,701 | INFO     | httpx | HTTP Request: POST https://api.telegram.org/bot8895975047:AAE_eXzUepLl7GN1AkRT4Z-nakCYjCqDwrU/getUpdates "HTTP/1.1 200 OK"
2026-09-14 12:16:41,349 | INFO     | httpx | HTTP Request: POST https://api.telegram.org/bot8895975047:AAE_eXzUepLl7GN1AkRT4Z-nakCYjCqDwrU/getUpdates "HTTP/1.1 200 OK"
2026-09-14 12:16:45,740 | INFO     | httpx | HTTP Request: POST https://api.telegram.org/bot8895975047:AAE_eXzUepLl7GN1AkRT4Z-nakCYjCqDwrU/getUpdates "HTTP/1.1 200 OK"
2026-09-14 12:16:45,744 | INFO     | telegram.ext.Application | Application is stopping. This might take a moment.
2026-09-14 12:16:45,746 | INFO     | apscheduler.scheduler | Scheduler has been shut down
2026-09-14 12:16:45,758 | INFO     | telegram.ext.Application | Application.stop() complete
2026-09-14 12:16:51,282 | INFO     | __main__ | Bot online.
2026-09-14 12:17:05,457 | INFO     | __main__ | Bot online.
2026-09-14 12:17:06,096 | INFO     | httpx | HTTP Request: POST https://api.telegram.org/bot8895975047:AAE_eXzUepLl7GN1AkRT4Z-nakCYjCqDwrU/getMe "HTTP/1.1 200 OK"
2026-09-14 12:17:06,100 | INFO     | apscheduler.scheduler | Scheduler started
2026-09-14 12:17:06,100 | INFO     | telegram.ext.Application | Application started
2026-09-14 12:17:06,307 | INFO     | httpx | HTTP Request: POST https://api.telegram.org/bot8895975047:AAE_eXzUepLl7GN1AkRT4Z-nakCYjCqDwrU/deleteWebhook "HTTP/1.1 200 OK"
2026-09-14 12:17:15,385 | INFO     | httpx | HTTP Request: POST https://api.telegram.org/bot8895975047:AAE_eXzUepLl7GN1AkRT4Z-nakCYjCqDwrU/getUpdates "HTTP/1.1 200 OK"
2026-09-14 12:17:16,344 | INFO     | httpx | HTTP Request: POST https://api.telegram.org/bot8895975047:AAE_eXzUepLl7GN1AkRT4Z-nakCYjCqDwrU/answerCallbackQuery "HTTP/1.1 200 OK"
2026-09-14 12:17:16,754 | INFO     | httpx | HTTP Request: POST https://api.telegram.org/bot8895975047:AAE_eXzUepLl7GN1AkRT4Z-nakCYjCqDwrU/editMessageText "HTTP/1.1 200 OK"
2026-09-14 12:17:18,073 | INFO     | httpx | HTTP Request: POST https://api.telegram.org/bot8895975047:AAE_eXzUepLl7GN1AkRT4Z-nakCYjCqDwrU/getUpdates "HTTP/1.1 200 OK"
2026-09-14 12:17:18,490 | INFO     | httpx | HTTP Request: POST https://api.telegram.org/bot8895975047:AAE_eXzUepLl7GN1AkRT4Z-nakCYjCqDwrU/answerCallbackQuery "HTTP/1.1 200 OK"
2026-09-14 12:17:18,884 | INFO     | httpx | HTTP Request: POST https://api.telegram.org/bot8895975047:AAE_eXzUepLl7GN1AkRT4Z-nakCYjCqDwrU/editMessageText "HTTP/1.1 200 OK"
2026-09-14 12:17:24,630 | INFO     | httpx | HTTP Request: POST https://api.telegram.org/bot8895975047:AAE_eXzUepLl7GN1AkRT4Z-nakCYjCqDwrU/getUpdates "HTTP/1.1 200 OK"
2026-09-14 12:17:25,255 | INFO     | httpx | HTTP Request: POST https://api.telegram.org/bot8895975047:AAE_eXzUepLl7GN1AkRT4Z-nakCYjCqDwrU/getFile "HTTP/1.1 200 OK"
2026-09-14 12:17:25,605 | INFO     | httpx | HTTP Request: GET https://api.telegram.org/file/bot8895975047%3AAAE_eXzUepLl7GN1AkRT4Z-nakCYjCqDwrU/documents/file_1.txt "HTTP/1.1 200 OK"
2026-09-14 12:17:26,418 | INFO     | httpx | HTTP Request: POST https://api.telegram.org/bot8895975047:AAE_eXzUepLl7GN1AkRT4Z-nakCYjCqDwrU/sendMessage "HTTP/1.1 200 OK"
2026-09-14 12:17:29,895 | INFO     | httpx | HTTP Request: POST https://api.telegram.org/bot8895975047:AAE_eXzUepLl7GN1AkRT4Z-nakCYjCqDwrU/getUpdates "HTTP/1.1 200 OK"
2026-09-14 12:17:30,345 | INFO     | httpx | HTTP Request: POST https://api.telegram.org/bot8895975047:AAE_eXzUepLl7GN1AkRT4Z-nakCYjCqDwrU/answerCallbackQuery "HTTP/1.1 200 OK"
2026-09-14 12:17:30,829 | INFO     | httpx | HTTP Request: POST https://api.telegram.org/bot8895975047:AAE_eXzUepLl7GN1AkRT4Z-nakCYjCqDwrU/editMessageText "HTTP/1.1 200 OK"
2026-09-14 12:17:35,322 | INFO     | httpx | HTTP Request: POST https://api.telegram.org/bot8895975047:AAE_eXzUepLl7GN1AkRT4Z-nakCYjCqDwrU/getUpdates "HTTP/1.1 200 OK"
2026-09-14 12:17:35,693 | INFO     | httpx | HTTP Request: POST https://api.telegram.org/bot8895975047:AAE_eXzUepLl7GN1AkRT4Z-nakCYjCqDwrU/answerCallbackQuery "HTTP/1.1 200 OK"
2026-09-14 12:17:36,104 | INFO     | httpx | HTTP Request: POST https://api.telegram.org/bot8895975047:AAE_eXzUepLl7GN1AkRT4Z-nakCYjCqDwrU/editMessageText "HTTP/1.1 200 OK"
2026-09-14 12:17:37,841 | INFO     | httpx | HTTP Request: POST https://api.telegram.org/bot8895975047:AAE_eXzUepLl7GN1AkRT4Z-nakCYjCqDwrU/getUpdates "HTTP/1.1 200 OK"
2026-09-14 12:17:38,264 | INFO     | httpx | HTTP Request: POST https://api.telegram.org/bot8895975047:AAE_eXzUepLl7GN1AkRT4Z-nakCYjCqDwrU/answerCallbackQuery "HTTP/1.1 200 OK"
2026-09-14 12:17:39,009 | INFO     | httpx | HTTP Request: POST https://api.telegram.org/bot8895975047:AAE_eXzUepLl7GN1AkRT4Z-nakCYjCqDwrU/editMessageText "HTTP/1.1 400 Bad Request"
2026-09-14 12:17:39,010 | ERROR    | telegram.ext.Application | No error handlers are registered, logging exception.
Traceback (most recent call last):
  File "/data/data/com.termux/files/usr/lib/python3.12/site-packages/telegram/ext/_application.py", line 1315, in process_update
    await coroutine
  File "/data/data/com.termux/files/usr/lib/python3.12/site-packages/telegram/ext/_handlers/basehandler.py", line 159, in handle_update
    return await self.callback(update, context)
           ^^^^^^^^^^^^^^^^^^^^^^^^^^^^^^^^^^^^
  File "/storage/emulated/0/Python/BOT/bot1.py", line 604, in on_callback
    await q.edit_message_text(
  File "/data/data/com.termux/files/usr/lib/python3.12/site-packages/telegram/_callbackquery.py", line 268, in edit_message_text
    return await self._get_message().edit_text(
           ^^^^^^^^^^^^^^^^^^^^^^^^^^^^^^^^^^^^
  File "/data/data/com.termux/files/usr/lib/python3.12/site-packages/telegram/_message.py", line 4142, in edit_text
    return await self.get_bot().edit_message_text(
           ^^^^^^^^^^^^^^^^^^^^^^^^^^^^^^^^^^^^^^^
  File "/data/data/com.termux/files/usr/lib/python3.12/site-packages/telegram/ext/_extbot.py", line 1735, in edit_message_text
    return await super().edit_message_text(
           ^^^^^^^^^^^^^^^^^^^^^^^^^^^^^^^^
  File "/data/data/com.termux/files/usr/lib/python3.12/site-packages/telegram/_bot.py", line 4463, in edit_message_text
    return await self._send_message(
           ^^^^^^^^^^^^^^^^^^^^^^^^^
  File "/data/data/com.termux/files/usr/lib/python3.12/site-packages/telegram/ext/_extbot.py", line 634, in _send_message
    result = await super()._send_message(
             ^^^^^^^^^^^^^^^^^^^^^^^^^^^^
  File "/data/data/com.termux/files/usr/lib/python3.12/site-packages/telegram/_bot.py", line 819, in _send_message
    result = await self._post(
             ^^^^^^^^^^^^^^^^^
  File "/data/data/com.termux/files/usr/lib/python3.12/site-packages/telegram/_bot.py", line 703, in _post
    return await self._do_post(
           ^^^^^^^^^^^^^^^^^^^^
  File "/data/data/com.termux/files/usr/lib/python3.12/site-packages/telegram/ext/_extbot.py", line 372, in _do_post
    return await super()._do_post(
           ^^^^^^^^^^^^^^^^^^^^^^^
  File "/data/data/com.termux/files/usr/lib/python3.12/site-packages/telegram/_bot.py", line 732, in _do_post
    result = await request.post(
             ^^^^^^^^^^^^^^^^^^^
  File "/data/data/com.termux/files/usr/lib/python3.12/site-packages/telegram/request/_baserequest.py", line 198, in post
    result = await self._request_wrapper(
             ^^^^^^^^^^^^^^^^^^^^^^^^^^^^
  File "/data/data/com.termux/files/usr/lib/python3.12/site-packages/telegram/request/_baserequest.py", line 375, in _request_wrapper
    raise exception
telegram.error.BadRequest: Text is too long
2026-09-14 12:17:48,260 | INFO     | httpx | HTTP Request: POST https://api.telegram.org/bot8895975047:AAE_eXzUepLl7GN1AkRT4Z-nakCYjCqDwrU/getUpdates "HTTP/1.1 200 OK"
2026-09-14 12:17:51,913 | INFO     | httpx | HTTP Request: POST https://api.telegram.org/bot8895975047:AAE_eXzUepLl7GN1AkRT4Z-nakCYjCqDwrU/getUpdates "HTTP/1.1 200 OK"
2026-09-14 12:17:52,739 | INFO     | httpx | HTTP Request: POST https://api.telegram.org/bot8895975047:AAE_eXzUepLl7GN1AkRT4Z-nakCYjCqDwrU/deleteMessage "HTTP/1.1 200 OK"
2026-09-14 12:17:53,187 | INFO     | httpx | HTTP Request: POST https://api.telegram.org/bot8895975047:AAE_eXzUepLl7GN1AkRT4Z-nakCYjCqDwrU/sendMessage "HTTP/1.1 200 OK"
2026-09-14 12:17:57,578 | INFO     | httpx | HTTP Request: POST https://api.telegram.org/bot8895975047:AAE_eXzUepLl7GN1AkRT4Z-nakCYjCqDwrU/getUpdates "HTTP/1.1 200 OK"
2026-09-14 12:17:57,963 | INFO     | httpx | HTTP Request: POST https://api.telegram.org/bot8895975047:AAE_eXzUepLl7GN1AkRT4Z-nakCYjCqDwrU/answerCallbackQuery "HTTP/1.1 200 OK"
2026-09-14 12:17:58,409 | INFO     | httpx | HTTP Request: POST https://api.telegram.org/bot8895975047:AAE_eXzUepLl7GN1AkRT4Z-nakCYjCqDwrU/editMessageText "HTTP/1.1 200 OK"
2026-09-14 12:17:59,760 | INFO     | httpx | HTTP Request: POST https://api.telegram.org/bot8895975047:AAE_eXzUepLl7GN1AkRT4Z-nakCYjCqDwrU/getUpdates "HTTP/1.1 200 OK"
2026-09-14 12:18:00,135 | INFO     | httpx | HTTP Request: POST https://api.telegram.org/bot8895975047:AAE_eXzUepLl7GN1AkRT4Z-nakCYjCqDwrU/answerCallbackQuery "HTTP/1.1 200 OK"
2026-09-14 12:18:00,946 | INFO     | httpx | HTTP Request: POST https://api.telegram.org/bot8895975047:AAE_eXzUepLl7GN1AkRT4Z-nakCYjCqDwrU/editMessageText "HTTP/1.1 400 Bad Request"
2026-09-14 12:18:00,947 | ERROR    | telegram.ext.Application | No error handlers are registered, logging exception.
Traceback (most recent call last):
  File "/data/data/com.termux/files/usr/lib/python3.12/site-packages/telegram/ext/_application.py", line 1315, in process_update
    await coroutine
  File "/data/data/com.termux/files/usr/lib/python3.12/site-packages/telegram/ext/_handlers/basehandler.py", line 159, in handle_update
    return await self.callback(update, context)
           ^^^^^^^^^^^^^^^^^^^^^^^^^^^^^^^^^^^^
  File "/storage/emulated/0/Python/BOT/bot1.py", line 604, in on_callback
    await q.edit_message_text(
  File "/data/data/com.termux/files/usr/lib/python3.12/site-packages/telegram/_callbackquery.py", line 268, in edit_message_text
    return await self._get_message().edit_text(
           ^^^^^^^^^^^^^^^^^^^^^^^^^^^^^^^^^^^^
  File "/data/data/com.termux/files/usr/lib/python3.12/site-packages/telegram/_message.py", line 4142, in edit_text
    return await self.get_bot().edit_message_text(
           ^^^^^^^^^^^^^^^^^^^^^^^^^^^^^^^^^^^^^^^
  File "/data/data/com.termux/files/usr/lib/python3.12/site-packages/telegram/ext/_extbot.py", line 1735, in edit_message_text
    return await super().edit_message_text(
           ^^^^^^^^^^^^^^^^^^^^^^^^^^^^^^^^
  File "/data/data/com.termux/files/usr/lib/python3.12/site-packages/telegram/_bot.py", line 4463, in edit_message_text
    return await self._send_message(
           ^^^^^^^^^^^^^^^^^^^^^^^^^
  File "/data/data/com.termux/files/usr/lib/python3.12/site-packages/telegram/ext/_extbot.py", line 634, in _send_message
    result = await super()._send_message(
             ^^^^^^^^^^^^^^^^^^^^^^^^^^^^
  File "/data/data/com.termux/files/usr/lib/python3.12/site-packages/telegram/_bot.py", line 819, in _send_message
    result = await self._post(
             ^^^^^^^^^^^^^^^^^
  File "/data/data/com.termux/files/usr/lib/python3.12/site-packages/telegram/_bot.py", line 703, in _post
    return await self._do_post(
           ^^^^^^^^^^^^^^^^^^^^
  File "/data/data/com.termux/files/usr/lib/python3.12/site-packages/telegram/ext/_extbot.py", line 372, in _do_post
    return await super()._do_post(
           ^^^^^^^^^^^^^^^^^^^^^^^
  File "/data/data/com.termux/files/usr/lib/python3.12/site-packages/telegram/_bot.py", line 732, in _do_post
    result = await request.post(
             ^^^^^^^^^^^^^^^^^^^
  File "/data/data/com.termux/files/usr/lib/python3.12/site-packages/telegram/request/_baserequest.py", line 198, in post
    result = await self._request_wrapper(
             ^^^^^^^^^^^^^^^^^^^^^^^^^^^^
  File "/data/data/com.termux/files/usr/lib/python3.12/site-packages/telegram/request/_baserequest.py", line 375, in _request_wrapper
    raise exception
telegram.error.BadRequest: Text is too long
2026-09-14 12:18:09,997 | INFO     | httpx | HTTP Request: POST https://api.telegram.org/bot8895975047:AAE_eXzUepLl7GN1AkRT4Z-nakCYjCqDwrU/getUpdates "HTTP/1.1 200 OK"
2026-09-14 12:19:16,889 | INFO     | __main__ | Bot online.
2026-09-14 12:19:17,526 | INFO     | httpx | HTTP Request: POST https://api.telegram.org/bot8895975047:AAE_eXzUepLl7GN1AkRT4Z-nakCYjCqDwrU/getMe "HTTP/1.1 200 OK"
2026-09-14 12:19:17,530 | INFO     | apscheduler.scheduler | Scheduler started
2026-09-14 12:19:17,531 | INFO     | telegram.ext.Application | Application started
2026-09-14 12:19:17,741 | INFO     | httpx | HTTP Request: POST https://api.telegram.org/bot8895975047:AAE_eXzUepLl7GN1AkRT4Z-nakCYjCqDwrU/deleteWebhook "HTTP/1.1 200 OK"
2026-09-14 12:19:22,602 | INFO     | httpx | HTTP Request: POST https://api.telegram.org/bot8895975047:AAE_eXzUepLl7GN1AkRT4Z-nakCYjCqDwrU/getUpdates "HTTP/1.1 200 OK"
2026-09-14 12:19:22,986 | INFO     | httpx | HTTP Request: POST https://api.telegram.org/bot8895975047:AAE_eXzUepLl7GN1AkRT4Z-nakCYjCqDwrU/answerCallbackQuery "HTTP/1.1 200 OK"
2026-09-14 12:19:23,625 | INFO     | httpx | HTTP Request: POST https://api.telegram.org/bot8895975047:AAE_eXzUepLl7GN1AkRT4Z-nakCYjCqDwrU/editMessageText "HTTP/1.1 200 OK"
2026-09-14 12:19:25,672 | INFO     | httpx | HTTP Request: POST https://api.telegram.org/bot8895975047:AAE_eXzUepLl7GN1AkRT4Z-nakCYjCqDwrU/getUpdates "HTTP/1.1 200 OK"
2026-09-14 12:19:25,892 | INFO     | httpx | HTTP Request: POST https://api.telegram.org/bot8895975047:AAE_eXzUepLl7GN1AkRT4Z-nakCYjCqDwrU/getUpdates "HTTP/1.1 200 OK"
2026-09-14 12:19:26,062 | INFO     | httpx | HTTP Request: POST https://api.telegram.org/bot8895975047:AAE_eXzUepLl7GN1AkRT4Z-nakCYjCqDwrU/answerCallbackQuery "HTTP/1.1 200 OK"
2026-09-14 12:19:26,534 | INFO     | httpx | HTTP Request: POST https://api.telegram.org/bot8895975047:AAE_eXzUepLl7GN1AkRT4Z-nakCYjCqDwrU/editMessageText "HTTP/1.1 200 OK"
2026-09-14 12:19:26,904 | INFO     | httpx | HTTP Request: POST https://api.telegram.org/bot8895975047:AAE_eXzUepLl7GN1AkRT4Z-nakCYjCqDwrU/answerCallbackQuery "HTTP/1.1 200 OK"
2026-09-14 12:19:27,362 | INFO     | httpx | HTTP Request: POST https://api.telegram.org/bot8895975047:AAE_eXzUepLl7GN1AkRT4Z-nakCYjCqDwrU/editMessageText "HTTP/1.1 400 Bad Request"
2026-09-14 12:19:27,364 | ERROR    | telegram.ext.Application | No error handlers are registered, logging exception.
Traceback (most recent call last):
  File "/data/data/com.termux/files/usr/lib/python3.12/site-packages/telegram/ext/_application.py", line 1315, in process_update
    await coroutine
  File "/data/data/com.termux/files/usr/lib/python3.12/site-packages/telegram/ext/_handlers/basehandler.py", line 159, in handle_update
    return await self.callback(update, context)
           ^^^^^^^^^^^^^^^^^^^^^^^^^^^^^^^^^^^^
  File "/storage/emulated/0/Python/BOT/bot1.py", line 744, in on_callback
    await q.edit_message_text(
  File "/data/data/com.termux/files/usr/lib/python3.12/site-packages/telegram/_callbackquery.py", line 268, in edit_message_text
    return await self._get_message().edit_text(
           ^^^^^^^^^^^^^^^^^^^^^^^^^^^^^^^^^^^^
  File "/data/data/com.termux/files/usr/lib/python3.12/site-packages/telegram/_message.py", line 4142, in edit_text
    return await self.get_bot().edit_message_text(
           ^^^^^^^^^^^^^^^^^^^^^^^^^^^^^^^^^^^^^^^
  File "/data/data/com.termux/files/usr/lib/python3.12/site-packages/telegram/ext/_extbot.py", line 1735, in edit_message_text
    return await super().edit_message_text(
           ^^^^^^^^^^^^^^^^^^^^^^^^^^^^^^^^
  File "/data/data/com.termux/files/usr/lib/python3.12/site-packages/telegram/_bot.py", line 4463, in edit_message_text
    return await self._send_message(
           ^^^^^^^^^^^^^^^^^^^^^^^^^
  File "/data/data/com.termux/files/usr/lib/python3.12/site-packages/telegram/ext/_extbot.py", line 634, in _send_message
    result = await super()._send_message(
             ^^^^^^^^^^^^^^^^^^^^^^^^^^^^
  File "/data/data/com.termux/files/usr/lib/python3.12/site-packages/telegram/_bot.py", line 819, in _send_message
    result = await self._post(
             ^^^^^^^^^^^^^^^^^
  File "/data/data/com.termux/files/usr/lib/python3.12/site-packages/telegram/_bot.py", line 703, in _post
    return await self._do_post(
           ^^^^^^^^^^^^^^^^^^^^
  File "/data/data/com.termux/files/usr/lib/python3.12/site-packages/telegram/ext/_extbot.py", line 372, in _do_post
    return await super()._do_post(
           ^^^^^^^^^^^^^^^^^^^^^^^
  File "/data/data/com.termux/files/usr/lib/python3.12/site-packages/telegram/_bot.py", line 732, in _do_post
    result = await request.post(
             ^^^^^^^^^^^^^^^^^^^
  File "/data/data/com.termux/files/usr/lib/python3.12/site-packages/telegram/request/_baserequest.py", line 198, in post
    result = await self._request_wrapper(
             ^^^^^^^^^^^^^^^^^^^^^^^^^^^^
  File "/data/data/com.termux/files/usr/lib/python3.12/site-packages/telegram/request/_baserequest.py", line 375, in _request_wrapper
    raise exception
telegram.error.BadRequest: Message is not modified: specified new message content and reply markup are exactly the same as a current content and reply markup of the message
2026-09-14 12:19:36,191 | INFO     | httpx | HTTP Request: POST https://api.telegram.org/bot8895975047:AAE_eXzUepLl7GN1AkRT4Z-nakCYjCqDwrU/getUpdates "HTTP/1.1 200 OK"
2026-09-14 12:19:43,698 | INFO     | httpx | HTTP Request: POST https://api.telegram.org/bot8895975047:AAE_eXzUepLl7GN1AkRT4Z-nakCYjCqDwrU/getUpdates "HTTP/1.1 200 OK"
2026-09-14 12:19:48,711 | ERROR    | telegram.ext.Application | No error handlers are registered, logging exception.
Traceback (most recent call last):
  File "/data/data/com.termux/files/usr/lib/python3.12/site-packages/httpx/_transports/default.py", line 101, in map_httpcore_exceptions
    yield
  File "/data/data/com.termux/files/usr/lib/python3.12/site-packages/httpx/_transports/default.py", line 394, in handle_async_request
    resp = await self._pool.handle_async_request(req)
           ^^^^^^^^^^^^^^^^^^^^^^^^^^^^^^^^^^^^^^^^^^
  File "/data/data/com.termux/files/usr/lib/python3.12/site-packages/httpcore/_async/connection_pool.py", line 256, in handle_async_request
    raise exc from None
  File "/data/data/com.termux/files/usr/lib/python3.12/site-packages/httpcore/_async/connection_pool.py", line 236, in handle_async_request
    response = await connection.handle_async_request(
               ^^^^^^^^^^^^^^^^^^^^^^^^^^^^^^^^^^^^^^
  File "/data/data/com.termux/files/usr/lib/python3.12/site-packages/httpcore/_async/connection.py", line 101, in handle_async_request
    raise exc
  File "/data/data/com.termux/files/usr/lib/python3.12/site-packages/httpcore/_async/connection.py", line 78, in handle_async_request
    stream = await self._connect(request)
             ^^^^^^^^^^^^^^^^^^^^^^^^^^^^
  File "/data/data/com.termux/files/usr/lib/python3.12/site-packages/httpcore/_async/connection.py", line 124, in _connect
    stream = await self._network_backend.connect_tcp(**kwargs)
             ^^^^^^^^^^^^^^^^^^^^^^^^^^^^^^^^^^^^^^^^^^^^^^^^^
  File "/data/data/com.termux/files/usr/lib/python3.12/site-packages/httpcore/_backends/auto.py", line 31, in connect_tcp
    return await self._backend.connect_tcp(
           ^^^^^^^^^^^^^^^^^^^^^^^^^^^^^^^^
  File "/data/data/com.termux/files/usr/lib/python3.12/site-packages/httpcore/_backends/anyio.py", line 113, in connect_tcp
    with map_exceptions(exc_map):
         ^^^^^^^^^^^^^^^^^^^^^^^
  File "/data/data/com.termux/files/usr/lib/python3.12/contextlib.py", line 158, in __exit__
    self.gen.throw(value)
  File "/data/data/com.termux/files/usr/lib/python3.12/site-packages/httpcore/_exceptions.py", line 14, in map_exceptions
    raise to_exc(exc) from exc
httpcore.ConnectTimeout

The above exception was the direct cause of the following exception:

Traceback (most recent call last):
  File "/data/data/com.termux/files/usr/lib/python3.12/site-packages/telegram/request/_httpxrequest.py", line 279, in do_request
    res = await self._client.request(
          ^^^^^^^^^^^^^^^^^^^^^^^^^^^
  File "/data/data/com.termux/files/usr/lib/python3.12/site-packages/httpx/_client.py", line 1540, in request
    return await self.send(request, auth=auth, follow_redirects=follow_redirects)
           ^^^^^^^^^^^^^^^^^^^^^^^^^^^^^^^^^^^^^^^^^^^^^^^^^^^^^^^^^^^^^^^^^^^^^^
  File "/data/data/com.termux/files/usr/lib/python3.12/site-packages/httpx/_client.py", line 1629, in send
    response = await self._send_handling_auth(
               ^^^^^^^^^^^^^^^^^^^^^^^^^^^^^^^
  File "/data/data/com.termux/files/usr/lib/python3.12/site-packages/httpx/_client.py", line 1657, in _send_handling_auth
    response = await self._send_handling_redirects(
               ^^^^^^^^^^^^^^^^^^^^^^^^^^^^^^^^^^^^
  File "/data/data/com.termux/files/usr/lib/python3.12/site-packages/httpx/_client.py", line 1694, in _send_handling_redirects
    response = await self._send_single_request(request)
               ^^^^^^^^^^^^^^^^^^^^^^^^^^^^^^^^^^^^^^^^
  File "/data/data/com.termux/files/usr/lib/python3.12/site-packages/httpx/_client.py", line 1730, in _send_single_request
    response = await transport.handle_async_request(request)
               ^^^^^^^^^^^^^^^^^^^^^^^^^^^^^^^^^^^^^^^^^^^^^
  File "/data/data/com.termux/files/usr/lib/python3.12/site-packages/httpx/_transports/default.py", line 393, in handle_async_request
    with map_httpcore_exceptions():
         ^^^^^^^^^^^^^^^^^^^^^^^^^
  File "/data/data/com.termux/files/usr/lib/python3.12/contextlib.py", line 158, in __exit__
    self.gen.throw(value)
  File "/data/data/com.termux/files/usr/lib/python3.12/site-packages/httpx/_transports/default.py", line 118, in map_httpcore_exceptions
    raise mapped_exc(message) from exc
httpx.ConnectTimeout

The above exception was the direct cause of the following exception:

Traceback (most recent call last):
  File "/data/data/com.termux/files/usr/lib/python3.12/site-packages/telegram/ext/_application.py", line 1315, in process_update
    await coroutine
  File "/data/data/com.termux/files/usr/lib/python3.12/site-packages/telegram/ext/_handlers/basehandler.py", line 159, in handle_update
    return await self.callback(update, context)
           ^^^^^^^^^^^^^^^^^^^^^^^^^^^^^^^^^^^^
  File "/storage/emulated/0/Python/BOT/bot1.py", line 576, in on_callback
    await q.answer()
  File "/data/data/com.termux/files/usr/lib/python3.12/site-packages/telegram/_callbackquery.py", line 189, in answer
    return await self.get_bot().answer_callback_query(
           ^^^^^^^^^^^^^^^^^^^^^^^^^^^^^^^^^^^^^^^^^^^
  File "/data/data/com.termux/files/usr/lib/python3.12/site-packages/telegram/ext/_extbot.py", line 972, in answer_callback_query
    return await super().answer_callback_query(
           ^^^^^^^^^^^^^^^^^^^^^^^^^^^^^^^^^^^^
  File "/data/data/com.termux/files/usr/lib/python3.12/site-packages/telegram/_bot.py", line 4360, in answer_callback_query
    return await self._post(
           ^^^^^^^^^^^^^^^^^
  File "/data/data/com.termux/files/usr/lib/python3.12/site-packages/telegram/_bot.py", line 703, in _post
    return await self._do_post(
           ^^^^^^^^^^^^^^^^^^^^
  File "/data/data/com.termux/files/usr/lib/python3.12/site-packages/telegram/ext/_extbot.py", line 372, in _do_post
    return await super()._do_post(
           ^^^^^^^^^^^^^^^^^^^^^^^
  File "/data/data/com.termux/files/usr/lib/python3.12/site-packages/telegram/_bot.py", line 732, in _do_post
    result = await request.post(
             ^^^^^^^^^^^^^^^^^^^
  File "/data/data/com.termux/files/usr/lib/python3.12/site-packages/telegram/request/_baserequest.py", line 198, in post
    result = await self._request_wrapper(
             ^^^^^^^^^^^^^^^^^^^^^^^^^^^^
  File "/data/data/com.termux/files/usr/lib/python3.12/site-packages/telegram/request/_baserequest.py", line 305, in _request_wrapper
    code, payload = await self.do_request(
                    ^^^^^^^^^^^^^^^^^^^^^^
  File "/data/data/com.termux/files/usr/lib/python3.12/site-packages/telegram/request/_httpxrequest.py", line 296, in do_request
    raise TimedOut from err
telegram.error.TimedOut: Timed out
2026-09-14 12:19:54,240 | INFO     | httpx | HTTP Request: POST https://api.telegram.org/bot8895975047:AAE_eXzUepLl7GN1AkRT4Z-nakCYjCqDwrU/getUpdates "HTTP/1.1 200 OK"
2026-09-14 12:19:57,621 | INFO     | httpx | HTTP Request: POST https://api.telegram.org/bot8895975047:AAE_eXzUepLl7GN1AkRT4Z-nakCYjCqDwrU/getUpdates "HTTP/1.1 200 OK"
2026-09-14 12:19:58,436 | INFO     | httpx | HTTP Request: POST https://api.telegram.org/bot8895975047:AAE_eXzUepLl7GN1AkRT4Z-nakCYjCqDwrU/answerCallbackQuery "HTTP/1.1 200 OK"
2026-09-14 12:19:58,836 | INFO     | httpx | HTTP Request: POST https://api.telegram.org/bot8895975047:AAE_eXzUepLl7GN1AkRT4Z-nakCYjCqDwrU/editMessageText "HTTP/1.1 200 OK"
2026-09-14 12:20:07,837 | INFO     | httpx | HTTP Request: POST https://api.telegram.org/bot8895975047:AAE_eXzUepLl7GN1AkRT4Z-nakCYjCqDwrU/getUpdates "HTTP/1.1 200 OK"
2026-09-14 12:20:10,842 | INFO     | httpx | HTTP Request: POST https://api.telegram.org/bot8895975047:AAE_eXzUepLl7GN1AkRT4Z-nakCYjCqDwrU/getUpdates "HTTP/1.1 200 OK"
2026-09-14 12:20:15,858 | ERROR    | telegram.ext.Application | No error handlers are registered, logging exception.
Traceback (most recent call last):
  File "/data/data/com.termux/files/usr/lib/python3.12/site-packages/httpx/_transports/default.py", line 101, in map_httpcore_exceptions
    yield
  File "/data/data/com.termux/files/usr/lib/python3.12/site-packages/httpx/_transports/default.py", line 394, in handle_async_request
    resp = await self._pool.handle_async_request(req)
           ^^^^^^^^^^^^^^^^^^^^^^^^^^^^^^^^^^^^^^^^^^
  File "/data/data/com.termux/files/usr/lib/python3.12/site-packages/httpcore/_async/connection_pool.py", line 256, in handle_async_request
    raise exc from None
  File "/data/data/com.termux/files/usr/lib/python3.12/site-packages/httpcore/_async/connection_pool.py", line 236, in handle_async_request
    response = await connection.handle_async_request(
               ^^^^^^^^^^^^^^^^^^^^^^^^^^^^^^^^^^^^^^
  File "/data/data/com.termux/files/usr/lib/python3.12/site-packages/httpcore/_async/connection.py", line 101, in handle_async_request
    raise exc
  File "/data/data/com.termux/files/usr/lib/python3.12/site-packages/httpcore/_async/connection.py", line 78, in handle_async_request
    stream = await self._connect(request)
             ^^^^^^^^^^^^^^^^^^^^^^^^^^^^
  File "/data/data/com.termux/files/usr/lib/python3.12/site-packages/httpcore/_async/connection.py", line 124, in _connect
    stream = await self._network_backend.connect_tcp(**kwargs)
             ^^^^^^^^^^^^^^^^^^^^^^^^^^^^^^^^^^^^^^^^^^^^^^^^^
  File "/data/data/com.termux/files/usr/lib/python3.12/site-packages/httpcore/_backends/auto.py", line 31, in connect_tcp
    return await self._backend.connect_tcp(
           ^^^^^^^^^^^^^^^^^^^^^^^^^^^^^^^^
  File "/data/data/com.termux/files/usr/lib/python3.12/site-packages/httpcore/_backends/anyio.py", line 113, in connect_tcp
    with map_exceptions(exc_map):
         ^^^^^^^^^^^^^^^^^^^^^^^
  File "/data/data/com.termux/files/usr/lib/python3.12/contextlib.py", line 158, in __exit__
    self.gen.throw(value)
  File "/data/data/com.termux/files/usr/lib/python3.12/site-packages/httpcore/_exceptions.py", line 14, in map_exceptions
    raise to_exc(exc) from exc
httpcore.ConnectTimeout

The above exception was the direct cause of the following exception:

Traceback (most recent call last):
  File "/data/data/com.termux/files/usr/lib/python3.12/site-packages/telegram/request/_httpxrequest.py", line 279, in do_request
    res = await self._client.request(
          ^^^^^^^^^^^^^^^^^^^^^^^^^^^
  File "/data/data/com.termux/files/usr/lib/python3.12/site-packages/httpx/_client.py", line 1540, in request
    return await self.send(request, auth=auth, follow_redirects=follow_redirects)
           ^^^^^^^^^^^^^^^^^^^^^^^^^^^^^^^^^^^^^^^^^^^^^^^^^^^^^^^^^^^^^^^^^^^^^^
  File "/data/data/com.termux/files/usr/lib/python3.12/site-packages/httpx/_client.py", line 1629, in send
    response = await self._send_handling_auth(
               ^^^^^^^^^^^^^^^^^^^^^^^^^^^^^^^
  File "/data/data/com.termux/files/usr/lib/python3.12/site-packages/httpx/_client.py", line 1657, in _send_handling_auth
    response = await self._send_handling_redirects(
               ^^^^^^^^^^^^^^^^^^^^^^^^^^^^^^^^^^^^
  File "/data/data/com.termux/files/usr/lib/python3.12/site-packages/httpx/_client.py", line 1694, in _send_handling_redirects
    response = await self._send_single_request(request)
               ^^^^^^^^^^^^^^^^^^^^^^^^^^^^^^^^^^^^^^^^
  File "/data/data/com.termux/files/usr/lib/python3.12/site-packages/httpx/_client.py", line 1730, in _send_single_request
    response = await transport.handle_async_request(request)
               ^^^^^^^^^^^^^^^^^^^^^^^^^^^^^^^^^^^^^^^^^^^^^
  File "/data/data/com.termux/files/usr/lib/python3.12/site-packages/httpx/_transports/default.py", line 393, in handle_async_request
    with map_httpcore_exceptions():
         ^^^^^^^^^^^^^^^^^^^^^^^^^
  File "/data/data/com.termux/files/usr/lib/python3.12/contextlib.py", line 158, in __exit__
    self.gen.throw(value)
  File "/data/data/com.termux/files/usr/lib/python3.12/site-packages/httpx/_transports/default.py", line 118, in map_httpcore_exceptions
    raise mapped_exc(message) from exc
httpx.ConnectTimeout

The above exception was the direct cause of the following exception:

Traceback (most recent call last):
  File "/data/data/com.termux/files/usr/lib/python3.12/site-packages/telegram/ext/_application.py", line 1315, in process_update
    await coroutine
  File "/data/data/com.termux/files/usr/lib/python3.12/site-packages/telegram/ext/_handlers/basehandler.py", line 159, in handle_update
    return await self.callback(update, context)
           ^^^^^^^^^^^^^^^^^^^^^^^^^^^^^^^^^^^^
  File "/storage/emulated/0/Python/BOT/bot1.py", line 1065, in on_message
    tg_file = await ctx.bot.get_file(doc.file_id)
              ^^^^^^^^^^^^^^^^^^^^^^^^^^^^^^^^^^^
  File "/data/data/com.termux/files/usr/lib/python3.12/site-packages/telegram/ext/_extbot.py", line 1936, in get_file
    return await super().get_file(
           ^^^^^^^^^^^^^^^^^^^^^^^
  File "/data/data/com.termux/files/usr/lib/python3.12/site-packages/telegram/_bot.py", line 4097, in get_file
    result = await self._post(
             ^^^^^^^^^^^^^^^^^
  File "/data/data/com.termux/files/usr/lib/python3.12/site-packages/telegram/_bot.py", line 703, in _post
    return await self._do_post(
           ^^^^^^^^^^^^^^^^^^^^
  File "/data/data/com.termux/files/usr/lib/python3.12/site-packages/telegram/ext/_extbot.py", line 372, in _do_post
    return await super()._do_post(
           ^^^^^^^^^^^^^^^^^^^^^^^
  File "/data/data/com.termux/files/usr/lib/python3.12/site-packages/telegram/_bot.py", line 732, in _do_post
    result = await request.post(
             ^^^^^^^^^^^^^^^^^^^
  File "/data/data/com.termux/files/usr/lib/python3.12/site-packages/telegram/request/_baserequest.py", line 198, in post
    result = await self._request_wrapper(
             ^^^^^^^^^^^^^^^^^^^^^^^^^^^^
  File "/data/data/com.termux/files/usr/lib/python3.12/site-packages/telegram/request/_baserequest.py", line 305, in _request_wrapper
    code, payload = await self.do_request(
                    ^^^^^^^^^^^^^^^^^^^^^^
  File "/data/data/com.termux/files/usr/lib/python3.12/site-packages/telegram/request/_httpxrequest.py", line 296, in do_request
    raise TimedOut from err
telegram.error.TimedOut: Timed out
2026-09-14 12:20:20,155 | INFO     | httpx | HTTP Request: POST https://api.telegram.org/bot8895975047:AAE_eXzUepLl7GN1AkRT4Z-nakCYjCqDwrU/getUpdates "HTTP/1.1 200 OK"
2026-09-14 12:20:21,044 | INFO     | httpx | HTTP Request: POST https://api.telegram.org/bot8895975047:AAE_eXzUepLl7GN1AkRT4Z-nakCYjCqDwrU/sendMessage "HTTP/1.1 200 OK"
2026-09-14 12:20:22,636 | INFO     | httpx | HTTP Request: POST https://api.telegram.org/bot8895975047:AAE_eXzUepLl7GN1AkRT4Z-nakCYjCqDwrU/getUpdates "HTTP/1.1 200 OK"
2026-09-14 12:20:23,022 | INFO     | httpx | HTTP Request: POST https://api.telegram.org/bot8895975047:AAE_eXzUepLl7GN1AkRT4Z-nakCYjCqDwrU/answerCallbackQuery "HTTP/1.1 200 OK"
2026-09-14 12:20:23,442 | INFO     | httpx | HTTP Request: POST https://api.telegram.org/bot8895975047:AAE_eXzUepLl7GN1AkRT4Z-nakCYjCqDwrU/editMessageText "HTTP/1.1 200 OK"
2026-09-14 12:20:25,595 | INFO     | httpx | HTTP Request: POST https://api.telegram.org/bot8895975047:AAE_eXzUepLl7GN1AkRT4Z-nakCYjCqDwrU/getUpdates "HTTP/1.1 200 OK"
2026-09-14 12:20:25,974 | INFO     | httpx | HTTP Request: POST https://api.telegram.org/bot8895975047:AAE_eXzUepLl7GN1AkRT4Z-nakCYjCqDwrU/answerCallbackQuery "HTTP/1.1 200 OK"
2026-09-14 12:20:26,369 | INFO     | httpx | HTTP Request: POST https://api.telegram.org/bot8895975047:AAE_eXzUepLl7GN1AkRT4Z-nakCYjCqDwrU/editMessageText "HTTP/1.1 200 OK"
2026-09-14 12:20:34,446 | INFO     | httpx | HTTP Request: POST https://api.telegram.org/bot8895975047:AAE_eXzUepLl7GN1AkRT4Z-nakCYjCqDwrU/getUpdates "HTTP/1.1 200 OK"
2026-09-14 12:20:35,158 | INFO     | httpx | HTTP Request: POST https://api.telegram.org/bot8895975047:AAE_eXzUepLl7GN1AkRT4Z-nakCYjCqDwrU/getFile "HTTP/1.1 200 OK"
2026-09-14 12:20:35,485 | INFO     | httpx | HTTP Request: GET https://api.telegram.org/file/bot8895975047%3AAAE_eXzUepLl7GN1AkRT4Z-nakCYjCqDwrU/documents/file_1.txt "HTTP/1.1 200 OK"
2026-09-14 12:20:36,306 | INFO     | httpx | HTTP Request: POST https://api.telegram.org/bot8895975047:AAE_eXzUepLl7GN1AkRT4Z-nakCYjCqDwrU/sendMessage "HTTP/1.1 200 OK"
2026-09-14 12:20:44,664 | INFO     | httpx | HTTP Request: POST https://api.telegram.org/bot8895975047:AAE_eXzUepLl7GN1AkRT4Z-nakCYjCqDwrU/getUpdates "HTTP/1.1 200 OK"
2026-09-14 12:20:45,846 | INFO     | httpx | HTTP Request: POST https://api.telegram.org/bot8895975047:AAE_eXzUepLl7GN1AkRT4Z-nakCYjCqDwrU/getUpdates "HTTP/1.1 200 OK"
2026-09-14 12:20:46,649 | INFO     | httpx | HTTP Request: POST https://api.telegram.org/bot8895975047:AAE_eXzUepLl7GN1AkRT4Z-nakCYjCqDwrU/deleteMessage "HTTP/1.1 200 OK"
2026-09-14 12:20:47,076 | INFO     | httpx | HTTP Request: POST https://api.telegram.org/bot8895975047:AAE_eXzUepLl7GN1AkRT4Z-nakCYjCqDwrU/sendMessage "HTTP/1.1 200 OK"
2026-09-14 12:20:48,925 | INFO     | httpx | HTTP Request: POST https://api.telegram.org/bot8895975047:AAE_eXzUepLl7GN1AkRT4Z-nakCYjCqDwrU/getUpdates "HTTP/1.1 200 OK"
2026-09-14 12:20:49,302 | INFO     | httpx | HTTP Request: POST https://api.telegram.org/bot8895975047:AAE_eXzUepLl7GN1AkRT4Z-nakCYjCqDwrU/answerCallbackQuery "HTTP/1.1 200 OK"
2026-09-14 12:20:49,700 | INFO     | httpx | HTTP Request: POST https://api.telegram.org/bot8895975047:AAE_eXzUepLl7GN1AkRT4Z-nakCYjCqDwrU/editMessageText "HTTP/1.1 200 OK"
2026-09-14 12:20:50,693 | INFO     | httpx | HTTP Request: POST https://api.telegram.org/bot8895975047:AAE_eXzUepLl7GN1AkRT4Z-nakCYjCqDwrU/getUpdates "HTTP/1.1 200 OK"
2026-09-14 12:20:51,064 | INFO     | httpx | HTTP Request: POST https://api.telegram.org/bot8895975047:AAE_eXzUepLl7GN1AkRT4Z-nakCYjCqDwrU/answerCallbackQuery "HTTP/1.1 200 OK"
2026-09-14 12:20:51,543 | INFO     | httpx | HTTP Request: POST https://api.telegram.org/bot8895975047:AAE_eXzUepLl7GN1AkRT4Z-nakCYjCqDwrU/deleteMessage "HTTP/1.1 200 OK"
2026-09-14 12:20:52,179 | INFO     | httpx | HTTP Request: POST https://api.telegram.org/bot8895975047:AAE_eXzUepLl7GN1AkRT4Z-nakCYjCqDwrU/sendMessage "HTTP/1.1 400 Bad Request"
2026-09-14 12:20:52,180 | ERROR    | telegram.ext.Application | No error handlers are registered, logging exception.
Traceback (most recent call last):
  File "/data/data/com.termux/files/usr/lib/python3.12/site-packages/telegram/ext/_application.py", line 1315, in process_update
    await coroutine
  File "/data/data/com.termux/files/usr/lib/python3.12/site-packages/telegram/ext/_handlers/basehandler.py", line 159, in handle_update
    return await self.callback(update, context)
           ^^^^^^^^^^^^^^^^^^^^^^^^^^^^^^^^^^^^
  File "/storage/emulated/0/Python/BOT/bot1.py", line 612, in on_callback
    await ctx.bot.send_message(
  File "/data/data/com.termux/files/usr/lib/python3.12/site-packages/telegram/ext/_extbot.py", line 3107, in send_message
    return await super().send_message(
           ^^^^^^^^^^^^^^^^^^^^^^^^^^^
  File "/data/data/com.termux/files/usr/lib/python3.12/site-packages/telegram/_bot.py", line 1118, in send_message
    return await self._send_message(
           ^^^^^^^^^^^^^^^^^^^^^^^^^
  File "/data/data/com.termux/files/usr/lib/python3.12/site-packages/telegram/ext/_extbot.py", line 634, in _send_message
    result = await super()._send_message(
             ^^^^^^^^^^^^^^^^^^^^^^^^^^^^
  File "/data/data/com.termux/files/usr/lib/python3.12/site-packages/telegram/_bot.py", line 819, in _send_message
    result = await self._post(
             ^^^^^^^^^^^^^^^^^
  File "/data/data/com.termux/files/usr/lib/python3.12/site-packages/telegram/_bot.py", line 703, in _post
    return await self._do_post(
           ^^^^^^^^^^^^^^^^^^^^
  File "/data/data/com.termux/files/usr/lib/python3.12/site-packages/telegram/ext/_extbot.py", line 372, in _do_post
    return await super()._do_post(
           ^^^^^^^^^^^^^^^^^^^^^^^
  File "/data/data/com.termux/files/usr/lib/python3.12/site-packages/telegram/_bot.py", line 732, in _do_post
    result = await request.post(
             ^^^^^^^^^^^^^^^^^^^
  File "/data/data/com.termux/files/usr/lib/python3.12/site-packages/telegram/request/_baserequest.py", line 198, in post
    result = await self._request_wrapper(
             ^^^^^^^^^^^^^^^^^^^^^^^^^^^^
  File "/data/data/com.termux/files/usr/lib/python3.12/site-packages/telegram/request/_baserequest.py", line 375, in _request_wrapper
    raise exception
telegram.error.BadRequest: Text is too long
2026-09-14 12:21:00,905 | INFO     | httpx | HTTP Request: POST https://api.telegram.org/bot8895975047:AAE_eXzUepLl7GN1AkRT4Z-nakCYjCqDwrU/getUpdates "HTTP/1.1 200 OK"
2026-09-14 12:21:09,448 | INFO     | httpx | HTTP Request: POST https://api.telegram.org/bot8895975047:AAE_eXzUepLl7GN1AkRT4Z-nakCYjCqDwrU/getUpdates "HTTP/1.1 200 OK"
2026-09-14 12:21:24,528 | ERROR    | telegram.ext.Application | No error handlers are registered, logging exception.
Traceback (most recent call last):
  File "/data/data/com.termux/files/usr/lib/python3.12/site-packages/httpx/_transports/default.py", line 101, in map_httpcore_exceptions
    yield
  File "/data/data/com.termux/files/usr/lib/python3.12/site-packages/httpx/_transports/default.py", line 394, in handle_async_request
    resp = await self._pool.handle_async_request(req)
           ^^^^^^^^^^^^^^^^^^^^^^^^^^^^^^^^^^^^^^^^^^
  File "/data/data/com.termux/files/usr/lib/python3.12/site-packages/httpcore/_async/connection_pool.py", line 256, in handle_async_request
    raise exc from None
  File "/data/data/com.termux/files/usr/lib/python3.12/site-packages/httpcore/_async/connection_pool.py", line 236, in handle_async_request
    response = await connection.handle_async_request(
               ^^^^^^^^^^^^^^^^^^^^^^^^^^^^^^^^^^^^^^
  File "/data/data/com.termux/files/usr/lib/python3.12/site-packages/httpcore/_async/connection.py", line 101, in handle_async_request
    raise exc
  File "/data/data/com.termux/files/usr/lib/python3.12/site-packages/httpcore/_async/connection.py", line 78, in handle_async_request
    stream = await self._connect(request)
             ^^^^^^^^^^^^^^^^^^^^^^^^^^^^
  File "/data/data/com.termux/files/usr/lib/python3.12/site-packages/httpcore/_async/connection.py", line 124, in _connect
    stream = await self._network_backend.connect_tcp(**kwargs)
             ^^^^^^^^^^^^^^^^^^^^^^^^^^^^^^^^^^^^^^^^^^^^^^^^^
  File "/data/data/com.termux/files/usr/lib/python3.12/site-packages/httpcore/_backends/auto.py", line 31, in connect_tcp
    return await self._backend.connect_tcp(
           ^^^^^^^^^^^^^^^^^^^^^^^^^^^^^^^^
  File "/data/data/com.termux/files/usr/lib/python3.12/site-packages/httpcore/_backends/anyio.py", line 113, in connect_tcp
    with map_exceptions(exc_map):
         ^^^^^^^^^^^^^^^^^^^^^^^
  File "/data/data/com.termux/files/usr/lib/python3.12/contextlib.py", line 158, in __exit__
    self.gen.throw(value)
  File "/data/data/com.termux/files/usr/lib/python3.12/site-packages/httpcore/_exceptions.py", line 14, in map_exceptions
    raise to_exc(exc) from exc
httpcore.ConnectTimeout

The above exception was the direct cause of the following exception:

Traceback (most recent call last):
  File "/data/data/com.termux/files/usr/lib/python3.12/site-packages/telegram/request/_httpxrequest.py", line 279, in do_request
    res = await self._client.request(
          ^^^^^^^^^^^^^^^^^^^^^^^^^^^
  File "/data/data/com.termux/files/usr/lib/python3.12/site-packages/httpx/_client.py", line 1540, in request
    return await self.send(request, auth=auth, follow_redirects=follow_redirects)
           ^^^^^^^^^^^^^^^^^^^^^^^^^^^^^^^^^^^^^^^^^^^^^^^^^^^^^^^^^^^^^^^^^^^^^^
  File "/data/data/com.termux/files/usr/lib/python3.12/site-packages/httpx/_client.py", line 1629, in send
    response = await self._send_handling_auth(
               ^^^^^^^^^^^^^^^^^^^^^^^^^^^^^^^
  File "/data/data/com.termux/files/usr/lib/python3.12/site-packages/httpx/_client.py", line 1657, in _send_handling_auth
    response = await self._send_handling_redirects(
               ^^^^^^^^^^^^^^^^^^^^^^^^^^^^^^^^^^^^
  File "/data/data/com.termux/files/usr/lib/python3.12/site-packages/httpx/_client.py", line 1694, in _send_handling_redirects
    response = await self._send_single_request(request)
               ^^^^^^^^^^^^^^^^^^^^^^^^^^^^^^^^^^^^^^^^
  File "/data/data/com.termux/files/usr/lib/python3.12/site-packages/httpx/_client.py", line 1730, in _send_single_request
    response = await transport.handle_async_request(request)
               ^^^^^^^^^^^^^^^^^^^^^^^^^^^^^^^^^^^^^^^^^^^^^
  File "/data/data/com.termux/files/usr/lib/python3.12/site-packages/httpx/_transports/default.py", line 393, in handle_async_request
    with map_httpcore_exceptions():
         ^^^^^^^^^^^^^^^^^^^^^^^^^
  File "/data/data/com.termux/files/usr/lib/python3.12/contextlib.py", line 158, in __exit__
    self.gen.throw(value)
  File "/data/data/com.termux/files/usr/lib/python3.12/site-packages/httpx/_transports/default.py", line 118, in map_httpcore_exceptions
    raise mapped_exc(message) from exc
httpx.ConnectTimeout

The above exception was the direct cause of the following exception:

Traceback (most recent call last):
  File "/data/data/com.termux/files/usr/lib/python3.12/site-packages/telegram/ext/_application.py", line 1315, in process_update
    await coroutine
  File "/data/data/com.termux/files/usr/lib/python3.12/site-packages/telegram/ext/_handlers/basehandler.py", line 159, in handle_update
    return await self.callback(update, context)
           ^^^^^^^^^^^^^^^^^^^^^^^^^^^^^^^^^^^^
  File "/storage/emulated/0/Python/BOT/bot1.py", line 518, in cmd_start
    sent_msg = await update.effective_chat.send_message(
               ^^^^^^^^^^^^^^^^^^^^^^^^^^^^^^^^^^^^^^^^^
  File "/data/data/com.termux/files/usr/lib/python3.12/site-packages/telegram/_chat.py", line 1057, in send_message
    return await self.get_bot().send_message(
           ^^^^^^^^^^^^^^^^^^^^^^^^^^^^^^^^^^
  File "/data/data/com.termux/files/usr/lib/python3.12/site-packages/telegram/ext/_extbot.py", line 3107, in send_message
    return await super().send_message(
           ^^^^^^^^^^^^^^^^^^^^^^^^^^^
  File "/data/data/com.termux/files/usr/lib/python3.12/site-packages/telegram/_bot.py", line 1118, in send_message
    return await self._send_message(
           ^^^^^^^^^^^^^^^^^^^^^^^^^
  File "/data/data/com.termux/files/usr/lib/python3.12/site-packages/telegram/ext/_extbot.py", line 634, in _send_message
    result = await super()._send_message(
             ^^^^^^^^^^^^^^^^^^^^^^^^^^^^
  File "/data/data/com.termux/files/usr/lib/python3.12/site-packages/telegram/_bot.py", line 819, in _send_message
    result = await self._post(
             ^^^^^^^^^^^^^^^^^
  File "/data/data/com.termux/files/usr/lib/python3.12/site-packages/telegram/_bot.py", line 703, in _post
    return await self._do_post(
           ^^^^^^^^^^^^^^^^^^^^
  File "/data/data/com.termux/files/usr/lib/python3.12/site-packages/telegram/ext/_extbot.py", line 372, in _do_post
    return await super()._do_post(
           ^^^^^^^^^^^^^^^^^^^^^^^
  File "/data/data/com.termux/files/usr/lib/python3.12/site-packages/telegram/_bot.py", line 732, in _do_post
    result = await request.post(
             ^^^^^^^^^^^^^^^^^^^
  File "/data/data/com.termux/files/usr/lib/python3.12/site-packages/telegram/request/_baserequest.py", line 198, in post
    result = await self._request_wrapper(
             ^^^^^^^^^^^^^^^^^^^^^^^^^^^^
  File "/data/data/com.termux/files/usr/lib/python3.12/site-packages/telegram/request/_baserequest.py", line 305, in _request_wrapper
    code, payload = await self.do_request(
                    ^^^^^^^^^^^^^^^^^^^^^^
  File "/data/data/com.termux/files/usr/lib/python3.12/site-packages/telegram/request/_httpxrequest.py", line 296, in do_request
    raise TimedOut from err
telegram.error.TimedOut: Timed out
2026-09-14 12:21:57,353 | INFO     | httpx | HTTP Request: POST https://api.telegram.org/bot8895975047:AAE_eXzUepLl7GN1AkRT4Z-nakCYjCqDwrU/getUpdates "HTTP/1.1 200 OK"
2026-09-14 12:21:58,196 | INFO     | httpx | HTTP Request: POST https://api.telegram.org/bot8895975047:AAE_eXzUepLl7GN1AkRT4Z-nakCYjCqDwrU/deleteMessage "HTTP/1.1 400 Bad Request"
2026-09-14 12:21:58,670 | INFO     | httpx | HTTP Request: POST https://api.telegram.org/bot8895975047:AAE_eXzUepLl7GN1AkRT4Z-nakCYjCqDwrU/deleteMessage "HTTP/1.1 200 OK"
2026-09-14 12:21:59,159 | INFO     | httpx | HTTP Request: POST https://api.telegram.org/bot8895975047:AAE_eXzUepLl7GN1AkRT4Z-nakCYjCqDwrU/sendMessage "HTTP/1.1 200 OK"
2026-09-14 12:22:07,672 | INFO     | httpx | HTTP Request: POST https://api.telegram.org/bot8895975047:AAE_eXzUepLl7GN1AkRT4Z-nakCYjCqDwrU/getUpdates "HTTP/1.1 200 OK"
2026-09-14 12:22:17,910 | INFO     | httpx | HTTP Request: POST https://api.telegram.org/bot8895975047:AAE_eXzUepLl7GN1AkRT4Z-nakCYjCqDwrU/getUpdates "HTTP/1.1 200 OK"
2026-09-14 12:23:31,530 | INFO     | __main__ | Bot online.
2026-09-14 12:23:32,260 | INFO     | httpx | HTTP Request: POST https://api.telegram.org/bot8895975047:AAE_eXzUepLl7GN1AkRT4Z-nakCYjCqDwrU/getMe "HTTP/1.1 200 OK"
2026-09-14 12:23:32,264 | INFO     | apscheduler.scheduler | Scheduler started
2026-09-14 12:23:32,265 | INFO     | telegram.ext.Application | Application started
2026-09-14 12:23:32,475 | INFO     | httpx | HTTP Request: POST https://api.telegram.org/bot8895975047:AAE_eXzUepLl7GN1AkRT4Z-nakCYjCqDwrU/deleteWebhook "HTTP/1.1 200 OK"
2026-09-14 12:23:38,342 | INFO     | httpx | HTTP Request: POST https://api.telegram.org/bot8895975047:AAE_eXzUepLl7GN1AkRT4Z-nakCYjCqDwrU/getUpdates "HTTP/1.1 200 OK"
2026-09-14 12:23:39,323 | INFO     | httpx | HTTP Request: POST https://api.telegram.org/bot8895975047:AAE_eXzUepLl7GN1AkRT4Z-nakCYjCqDwrU/sendMessage "HTTP/1.1 200 OK"
2026-09-14 12:23:41,481 | INFO     | httpx | HTTP Request: POST https://api.telegram.org/bot8895975047:AAE_eXzUepLl7GN1AkRT4Z-nakCYjCqDwrU/getUpdates "HTTP/1.1 200 OK"
2026-09-14 12:23:41,920 | INFO     | httpx | HTTP Request: POST https://api.telegram.org/bot8895975047:AAE_eXzUepLl7GN1AkRT4Z-nakCYjCqDwrU/answerCallbackQuery "HTTP/1.1 200 OK"
2026-09-14 12:23:42,344 | INFO     | httpx | HTTP Request: POST https://api.telegram.org/bot8895975047:AAE_eXzUepLl7GN1AkRT4Z-nakCYjCqDwrU/editMessageText "HTTP/1.1 200 OK"
2026-09-14 12:23:45,219 | INFO     | httpx | HTTP Request: POST https://api.telegram.org/bot8895975047:AAE_eXzUepLl7GN1AkRT4Z-nakCYjCqDwrU/getUpdates "HTTP/1.1 200 OK"
2026-09-14 12:23:45,710 | INFO     | httpx | HTTP Request: POST https://api.telegram.org/bot8895975047:AAE_eXzUepLl7GN1AkRT4Z-nakCYjCqDwrU/answerCallbackQuery "HTTP/1.1 200 OK"
2026-09-14 12:23:46,933 | INFO     | httpx | HTTP Request: POST https://api.telegram.org/bot8895975047:AAE_eXzUepLl7GN1AkRT4Z-nakCYjCqDwrU/editMessageText "HTTP/1.1 200 OK"
2026-09-14 12:23:55,052 | INFO     | httpx | HTTP Request: POST https://api.telegram.org/bot8895975047:AAE_eXzUepLl7GN1AkRT4Z-nakCYjCqDwrU/getUpdates "HTTP/1.1 200 OK"
2026-09-14 12:23:55,705 | INFO     | httpx | HTTP Request: POST https://api.telegram.org/bot8895975047:AAE_eXzUepLl7GN1AkRT4Z-nakCYjCqDwrU/getFile "HTTP/1.1 200 OK"
2026-09-14 12:23:55,930 | INFO     | httpx | HTTP Request: GET https://api.telegram.org/file/bot8895975047%3AAAE_eXzUepLl7GN1AkRT4Z-nakCYjCqDwrU/documents/file_1.txt "HTTP/1.1 200 OK"
2026-09-14 12:23:56,701 | INFO     | httpx | HTTP Request: POST https://api.telegram.org/bot8895975047:AAE_eXzUepLl7GN1AkRT4Z-nakCYjCqDwrU/sendMessage "HTTP/1.1 200 OK"
2026-09-14 12:23:59,820 | INFO     | httpx | HTTP Request: POST https://api.telegram.org/bot8895975047:AAE_eXzUepLl7GN1AkRT4Z-nakCYjCqDwrU/getUpdates "HTTP/1.1 200 OK"
2026-09-14 12:24:00,226 | INFO     | httpx | HTTP Request: POST https://api.telegram.org/bot8895975047:AAE_eXzUepLl7GN1AkRT4Z-nakCYjCqDwrU/answerCallbackQuery "HTTP/1.1 200 OK"
2026-09-14 12:24:00,651 | INFO     | httpx | HTTP Request: POST https://api.telegram.org/bot8895975047:AAE_eXzUepLl7GN1AkRT4Z-nakCYjCqDwrU/editMessageText "HTTP/1.1 200 OK"
2026-09-14 12:24:02,741 | INFO     | httpx | HTTP Request: POST https://api.telegram.org/bot8895975047:AAE_eXzUepLl7GN1AkRT4Z-nakCYjCqDwrU/getUpdates "HTTP/1.1 200 OK"
2026-09-14 12:24:03,148 | INFO     | httpx | HTTP Request: POST https://api.telegram.org/bot8895975047:AAE_eXzUepLl7GN1AkRT4Z-nakCYjCqDwrU/answerCallbackQuery "HTTP/1.1 200 OK"
2026-09-14 12:24:03,734 | INFO     | httpx | HTTP Request: POST https://api.telegram.org/bot8895975047:AAE_eXzUepLl7GN1AkRT4Z-nakCYjCqDwrU/deleteMessage "HTTP/1.1 200 OK"
2026-09-14 12:24:04,442 | INFO     | httpx | HTTP Request: POST https://api.telegram.org/bot8895975047:AAE_eXzUepLl7GN1AkRT4Z-nakCYjCqDwrU/sendMessage "HTTP/1.1 400 Bad Request"
2026-09-14 12:24:04,443 | ERROR    | telegram.ext.Application | No error handlers are registered, logging exception.
Traceback (most recent call last):
  File "/data/data/com.termux/files/usr/lib/python3.12/site-packages/telegram/ext/_application.py", line 1315, in process_update
    await coroutine
  File "/data/data/com.termux/files/usr/lib/python3.12/site-packages/telegram/ext/_handlers/basehandler.py", line 159, in handle_update
    return await self.callback(update, context)
           ^^^^^^^^^^^^^^^^^^^^^^^^^^^^^^^^^^^^
  File "/storage/emulated/0/Python/BOT/bot1.py", line 616, in on_callback
    await ctx.bot.send_message(
  File "/data/data/com.termux/files/usr/lib/python3.12/site-packages/telegram/ext/_extbot.py", line 3107, in send_message
    return await super().send_message(
           ^^^^^^^^^^^^^^^^^^^^^^^^^^^
  File "/data/data/com.termux/files/usr/lib/python3.12/site-packages/telegram/_bot.py", line 1118, in send_message
    return await self._send_message(
           ^^^^^^^^^^^^^^^^^^^^^^^^^
  File "/data/data/com.termux/files/usr/lib/python3.12/site-packages/telegram/ext/_extbot.py", line 634, in _send_message
    result = await super()._send_message(
             ^^^^^^^^^^^^^^^^^^^^^^^^^^^^
  File "/data/data/com.termux/files/usr/lib/python3.12/site-packages/telegram/_bot.py", line 819, in _send_message
    result = await self._post(
             ^^^^^^^^^^^^^^^^^
  File "/data/data/com.termux/files/usr/lib/python3.12/site-packages/telegram/_bot.py", line 703, in _post
    return await self._do_post(
           ^^^^^^^^^^^^^^^^^^^^
  File "/data/data/com.termux/files/usr/lib/python3.12/site-packages/telegram/ext/_extbot.py", line 372, in _do_post
    return await super()._do_post(
           ^^^^^^^^^^^^^^^^^^^^^^^
  File "/data/data/com.termux/files/usr/lib/python3.12/site-packages/telegram/_bot.py", line 732, in _do_post
    result = await request.post(
             ^^^^^^^^^^^^^^^^^^^
  File "/data/data/com.termux/files/usr/lib/python3.12/site-packages/telegram/request/_baserequest.py", line 198, in post
    result = await self._request_wrapper(
             ^^^^^^^^^^^^^^^^^^^^^^^^^^^^
  File "/data/data/com.termux/files/usr/lib/python3.12/site-packages/telegram/request/_baserequest.py", line 375, in _request_wrapper
    raise exception
telegram.error.BadRequest: Text is too long
2026-09-14 12:24:12,960 | INFO     | httpx | HTTP Request: POST https://api.telegram.org/bot8895975047:AAE_eXzUepLl7GN1AkRT4Z-nakCYjCqDwrU/getUpdates "HTTP/1.1 200 OK"
2026-09-14 12:26:14,903 | INFO     | httpx | HTTP Request: POST https://api.telegram.org/bot8895975047:AAE_eXzUepLl7GN1AkRT4Z-nakCYjCqDwrU/getUpdates "HTTP/1.1 200 OK"
2026-09-14 12:26:19,947 | INFO     | httpx | HTTP Request: POST https://api.telegram.org/bot8895975047:AAE_eXzUepLl7GN1AkRT4Z-nakCYjCqDwrU/getUpdates "HTTP/1.1 200 OK"
2026-09-14 12:26:19,951 | INFO     | telegram.ext.Application | Application is stopping. This might take a moment.
2026-09-14 12:26:19,952 | INFO     | apscheduler.scheduler | Scheduler has been shut down
2026-09-14 12:26:19,964 | INFO     | telegram.ext.Application | Application.stop() complete
2026-09-14 12:28:42,738 | INFO     | __main__ | Bot online.
2026-09-14 12:28:43,674 | INFO     | httpx | HTTP Request: POST https://api.telegram.org/bot8895975047:AAE_eXzUepLl7GN1AkRT4Z-nakCYjCqDwrU/getMe "HTTP/1.1 200 OK"
2026-09-14 12:28:43,678 | INFO     | apscheduler.scheduler | Scheduler started
2026-09-14 12:28:43,679 | INFO     | telegram.ext.Application | Application started
2026-09-14 12:28:43,890 | INFO     | httpx | HTTP Request: POST https://api.telegram.org/bot8895975047:AAE_eXzUepLl7GN1AkRT4Z-nakCYjCqDwrU/deleteWebhook "HTTP/1.1 200 OK"
2026-09-14 12:28:45,649 | INFO     | httpx | HTTP Request: POST https://api.telegram.org/bot8895975047:AAE_eXzUepLl7GN1AkRT4Z-nakCYjCqDwrU/getUpdates "HTTP/1.1 200 OK"
2026-09-14 12:28:46,073 | INFO     | httpx | HTTP Request: POST https://api.telegram.org/bot8895975047:AAE_eXzUepLl7GN1AkRT4Z-nakCYjCqDwrU/sendMessage "HTTP/1.1 200 OK"
2026-09-14 12:28:48,672 | INFO     | httpx | HTTP Request: POST https://api.telegram.org/bot8895975047:AAE_eXzUepLl7GN1AkRT4Z-nakCYjCqDwrU/getUpdates "HTTP/1.1 200 OK"
2026-09-14 12:28:49,062 | INFO     | httpx | HTTP Request: POST https://api.telegram.org/bot8895975047:AAE_eXzUepLl7GN1AkRT4Z-nakCYjCqDwrU/answerCallbackQuery "HTTP/1.1 200 OK"
2026-09-14 12:28:49,543 | INFO     | httpx | HTTP Request: POST https://api.telegram.org/bot8895975047:AAE_eXzUepLl7GN1AkRT4Z-nakCYjCqDwrU/editMessageText "HTTP/1.1 200 OK"
2026-09-14 12:28:53,180 | INFO     | httpx | HTTP Request: POST https://api.telegram.org/bot8895975047:AAE_eXzUepLl7GN1AkRT4Z-nakCYjCqDwrU/getUpdates "HTTP/1.1 200 OK"
2026-09-14 12:28:53,574 | INFO     | httpx | HTTP Request: POST https://api.telegram.org/bot8895975047:AAE_eXzUepLl7GN1AkRT4Z-nakCYjCqDwrU/answerCallbackQuery "HTTP/1.1 200 OK"
2026-09-14 12:28:54,010 | INFO     | httpx | HTTP Request: POST https://api.telegram.org/bot8895975047:AAE_eXzUepLl7GN1AkRT4Z-nakCYjCqDwrU/editMessageText "HTTP/1.1 200 OK"
2026-09-14 12:29:00,716 | INFO     | httpx | HTTP Request: POST https://api.telegram.org/bot8895975047:AAE_eXzUepLl7GN1AkRT4Z-nakCYjCqDwrU/getUpdates "HTTP/1.1 200 OK"
2026-09-14 12:29:01,376 | INFO     | httpx | HTTP Request: POST https://api.telegram.org/bot8895975047:AAE_eXzUepLl7GN1AkRT4Z-nakCYjCqDwrU/getFile "HTTP/1.1 200 OK"
2026-09-14 12:29:01,706 | INFO     | httpx | HTTP Request: GET https://api.telegram.org/file/bot8895975047%3AAAE_eXzUepLl7GN1AkRT4Z-nakCYjCqDwrU/documents/file_1.txt "HTTP/1.1 200 OK"
2026-09-14 12:29:02,744 | INFO     | httpx | HTTP Request: POST https://api.telegram.org/bot8895975047:AAE_eXzUepLl7GN1AkRT4Z-nakCYjCqDwrU/sendMessage "HTTP/1.1 200 OK"
2026-09-14 12:29:04,121 | INFO     | httpx | HTTP Request: POST https://api.telegram.org/bot8895975047:AAE_eXzUepLl7GN1AkRT4Z-nakCYjCqDwrU/getUpdates "HTTP/1.1 200 OK"
2026-09-14 12:29:04,526 | INFO     | httpx | HTTP Request: POST https://api.telegram.org/bot8895975047:AAE_eXzUepLl7GN1AkRT4Z-nakCYjCqDwrU/answerCallbackQuery "HTTP/1.1 200 OK"
2026-09-14 12:29:04,966 | INFO     | httpx | HTTP Request: POST https://api.telegram.org/bot8895975047:AAE_eXzUepLl7GN1AkRT4Z-nakCYjCqDwrU/editMessageText "HTTP/1.1 200 OK"
2026-09-14 12:29:07,580 | INFO     | httpx | HTTP Request: POST https://api.telegram.org/bot8895975047:AAE_eXzUepLl7GN1AkRT4Z-nakCYjCqDwrU/getUpdates "HTTP/1.1 200 OK"
2026-09-14 12:29:07,836 | INFO     | httpx | HTTP Request: POST https://api.telegram.org/bot8895975047:AAE_eXzUepLl7GN1AkRT4Z-nakCYjCqDwrU/getUpdates "HTTP/1.1 200 OK"
2026-09-14 12:29:08,068 | INFO     | httpx | HTTP Request: POST https://api.telegram.org/bot8895975047:AAE_eXzUepLl7GN1AkRT4Z-nakCYjCqDwrU/deleteMessage "HTTP/1.1 200 OK"
2026-09-14 12:29:08,533 | INFO     | httpx | HTTP Request: POST https://api.telegram.org/bot8895975047:AAE_eXzUepLl7GN1AkRT4Z-nakCYjCqDwrU/sendMessage "HTTP/1.1 200 OK"
2026-09-14 12:29:09,000 | INFO     | httpx | HTTP Request: POST https://api.telegram.org/bot8895975047:AAE_eXzUepLl7GN1AkRT4Z-nakCYjCqDwrU/deleteMessage "HTTP/1.1 200 OK"
2026-09-14 12:29:09,997 | INFO     | httpx | HTTP Request: POST https://api.telegram.org/bot8895975047:AAE_eXzUepLl7GN1AkRT4Z-nakCYjCqDwrU/deleteMessage "HTTP/1.1 200 OK"
2026-09-14 12:29:10,736 | INFO     | httpx | HTTP Request: POST https://api.telegram.org/bot8895975047:AAE_eXzUepLl7GN1AkRT4Z-nakCYjCqDwrU/sendMessage "HTTP/1.1 200 OK"
2026-09-14 12:29:17,240 | INFO     | httpx | HTTP Request: POST https://api.telegram.org/bot8895975047:AAE_eXzUepLl7GN1AkRT4Z-nakCYjCqDwrU/getUpdates "HTTP/1.1 200 OK"
2026-09-14 12:29:18,064 | INFO     | httpx | HTTP Request: POST https://api.telegram.org/bot8895975047:AAE_eXzUepLl7GN1AkRT4Z-nakCYjCqDwrU/answerCallbackQuery "HTTP/1.1 200 OK"
2026-09-14 12:29:18,492 | INFO     | httpx | HTTP Request: POST https://api.telegram.org/bot8895975047:AAE_eXzUepLl7GN1AkRT4Z-nakCYjCqDwrU/editMessageText "HTTP/1.1 200 OK"
2026-09-14 12:29:19,663 | INFO     | httpx | HTTP Request: POST https://api.telegram.org/bot8895975047:AAE_eXzUepLl7GN1AkRT4Z-nakCYjCqDwrU/getUpdates "HTTP/1.1 200 OK"
2026-09-14 12:29:20,397 | INFO     | httpx | HTTP Request: POST https://api.telegram.org/bot8895975047:AAE_eXzUepLl7GN1AkRT4Z-nakCYjCqDwrU/answerCallbackQuery "HTTP/1.1 200 OK"
2026-09-14 12:29:20,953 | INFO     | httpx | HTTP Request: POST https://api.telegram.org/bot8895975047:AAE_eXzUepLl7GN1AkRT4Z-nakCYjCqDwrU/deleteMessage "HTTP/1.1 200 OK"
2026-09-14 12:29:21,638 | INFO     | httpx | HTTP Request: POST https://api.telegram.org/bot8895975047:AAE_eXzUepLl7GN1AkRT4Z-nakCYjCqDwrU/sendMessage "HTTP/1.1 400 Bad Request"
2026-09-14 12:29:21,639 | ERROR    | telegram.ext.Application | No error handlers are registered, logging exception.
Traceback (most recent call last):
  File "/data/data/com.termux/files/usr/lib/python3.12/site-packages/telegram/ext/_application.py", line 1315, in process_update
    await coroutine
  File "/data/data/com.termux/files/usr/lib/python3.12/site-packages/telegram/ext/_handlers/basehandler.py", line 159, in handle_update
    return await self.callback(update, context)
           ^^^^^^^^^^^^^^^^^^^^^^^^^^^^^^^^^^^^
  File "/storage/emulated/0/Python/BOT/bot1.py", line 623, in on_callback
    await ctx.bot.send_message(
  File "/data/data/com.termux/files/usr/lib/python3.12/site-packages/telegram/ext/_extbot.py", line 3107, in send_message
    return await super().send_message(
           ^^^^^^^^^^^^^^^^^^^^^^^^^^^
  File "/data/data/com.termux/files/usr/lib/python3.12/site-packages/telegram/_bot.py", line 1118, in send_message
    return await self._send_message(
           ^^^^^^^^^^^^^^^^^^^^^^^^^
  File "/data/data/com.termux/files/usr/lib/python3.12/site-packages/telegram/ext/_extbot.py", line 634, in _send_message
    result = await super()._send_message(
             ^^^^^^^^^^^^^^^^^^^^^^^^^^^^
  File "/data/data/com.termux/files/usr/lib/python3.12/site-packages/telegram/_bot.py", line 819, in _send_message
    result = await self._post(
             ^^^^^^^^^^^^^^^^^
  File "/data/data/com.termux/files/usr/lib/python3.12/site-packages/telegram/_bot.py", line 703, in _post
    return await self._do_post(
           ^^^^^^^^^^^^^^^^^^^^
  File "/data/data/com.termux/files/usr/lib/python3.12/site-packages/telegram/ext/_extbot.py", line 372, in _do_post
    return await super()._do_post(
           ^^^^^^^^^^^^^^^^^^^^^^^
  File "/data/data/com.termux/files/usr/lib/python3.12/site-packages/telegram/_bot.py", line 732, in _do_post
    result = await request.post(
             ^^^^^^^^^^^^^^^^^^^
  File "/data/data/com.termux/files/usr/lib/python3.12/site-packages/telegram/request/_baserequest.py", line 198, in post
    result = await self._request_wrapper(
             ^^^^^^^^^^^^^^^^^^^^^^^^^^^^
  File "/data/data/com.termux/files/usr/lib/python3.12/site-packages/telegram/request/_baserequest.py", line 375, in _request_wrapper
    raise exception
telegram.error.BadRequest: Text is too long
2026-09-14 12:29:30,505 | INFO     | httpx | HTTP Request: POST https://api.telegram.org/bot8895975047:AAE_eXzUepLl7GN1AkRT4Z-nakCYjCqDwrU/getUpdates "HTTP/1.1 200 OK"
2026-09-14 12:29:40,850 | INFO     | httpx | HTTP Request: POST https://api.telegram.org/bot8895975047:AAE_eXzUepLl7GN1AkRT4Z-nakCYjCqDwrU/getUpdates "HTTP/1.1 200 OK"
2026-09-14 12:29:50,629 | ERROR    | telegram.ext.Updater | Exception happened while polling for updates.
Traceback (most recent call last):
  File "/data/data/com.termux/files/usr/lib/python3.12/site-packages/httpx/_transports/default.py", line 101, in map_httpcore_exceptions
    yield
  File "/data/data/com.termux/files/usr/lib/python3.12/site-packages/httpx/_transports/default.py", line 394, in handle_async_request
    resp = await self._pool.handle_async_request(req)
           ^^^^^^^^^^^^^^^^^^^^^^^^^^^^^^^^^^^^^^^^^^
  File "/data/data/com.termux/files/usr/lib/python3.12/site-packages/httpcore/_async/connection_pool.py", line 256, in handle_async_request
    raise exc from None
  File "/data/data/com.termux/files/usr/lib/python3.12/site-packages/httpcore/_async/connection_pool.py", line 236, in handle_async_request
    response = await connection.handle_async_request(
               ^^^^^^^^^^^^^^^^^^^^^^^^^^^^^^^^^^^^^^
  File "/data/data/com.termux/files/usr/lib/python3.12/site-packages/httpcore/_async/connection.py", line 103, in handle_async_request
    return await self._connection.handle_async_request(request)
           ^^^^^^^^^^^^^^^^^^^^^^^^^^^^^^^^^^^^^^^^^^^^^^^^^^^^
  File "/data/data/com.termux/files/usr/lib/python3.12/site-packages/httpcore/_async/http11.py", line 136, in handle_async_request
    raise exc
  File "/data/data/com.termux/files/usr/lib/python3.12/site-packages/httpcore/_async/http11.py", line 106, in handle_async_request
    ) = await self._receive_response_headers(**kwargs)
        ^^^^^^^^^^^^^^^^^^^^^^^^^^^^^^^^^^^^^^^^^^^^^^
  File "/data/data/com.termux/files/usr/lib/python3.12/site-packages/httpcore/_async/http11.py", line 177, in _receive_response_headers
    event = await self._receive_event(timeout=timeout)
            ^^^^^^^^^^^^^^^^^^^^^^^^^^^^^^^^^^^^^^^^^^
  File "/data/data/com.termux/files/usr/lib/python3.12/site-packages/httpcore/_async/http11.py", line 217, in _receive_event
    data = await self._network_stream.read(
           ^^^^^^^^^^^^^^^^^^^^^^^^^^^^^^^^
  File "/data/data/com.termux/files/usr/lib/python3.12/site-packages/httpcore/_backends/anyio.py", line 32, in read
    with map_exceptions(exc_map):
         ^^^^^^^^^^^^^^^^^^^^^^^
  File "/data/data/com.termux/files/usr/lib/python3.12/contextlib.py", line 158, in __exit__
    self.gen.throw(value)
  File "/data/data/com.termux/files/usr/lib/python3.12/site-packages/httpcore/_exceptions.py", line 14, in map_exceptions
    raise to_exc(exc) from exc
httpcore.ReadError

The above exception was the direct cause of the following exception:

Traceback (most recent call last):
  File "/data/data/com.termux/files/usr/lib/python3.12/site-packages/telegram/request/_httpxrequest.py", line 279, in do_request
    res = await self._client.request(
          ^^^^^^^^^^^^^^^^^^^^^^^^^^^
  File "/data/data/com.termux/files/usr/lib/python3.12/site-packages/httpx/_client.py", line 1540, in request
    return await self.send(request, auth=auth, follow_redirects=follow_redirects)
           ^^^^^^^^^^^^^^^^^^^^^^^^^^^^^^^^^^^^^^^^^^^^^^^^^^^^^^^^^^^^^^^^^^^^^^
  File "/data/data/com.termux/files/usr/lib/python3.12/site-packages/httpx/_client.py", line 1629, in send
    response = await self._send_handling_auth(
               ^^^^^^^^^^^^^^^^^^^^^^^^^^^^^^^
  File "/data/data/com.termux/files/usr/lib/python3.12/site-packages/httpx/_client.py", line 1657, in _send_handling_auth
    response = await self._send_handling_redirects(
               ^^^^^^^^^^^^^^^^^^^^^^^^^^^^^^^^^^^^
  File "/data/data/com.termux/files/usr/lib/python3.12/site-packages/httpx/_client.py", line 1694, in _send_handling_redirects
    response = await self._send_single_request(request)
               ^^^^^^^^^^^^^^^^^^^^^^^^^^^^^^^^^^^^^^^^
  File "/data/data/com.termux/files/usr/lib/python3.12/site-packages/httpx/_client.py", line 1730, in _send_single_request
    response = await transport.handle_async_request(request)
               ^^^^^^^^^^^^^^^^^^^^^^^^^^^^^^^^^^^^^^^^^^^^^
  File "/data/data/com.termux/files/usr/lib/python3.12/site-packages/httpx/_transports/default.py", line 393, in handle_async_request
    with map_httpcore_exceptions():
         ^^^^^^^^^^^^^^^^^^^^^^^^^
  File "/data/data/com.termux/files/usr/lib/python3.12/contextlib.py", line 158, in __exit__
    self.gen.throw(value)
  File "/data/data/com.termux/files/usr/lib/python3.12/site-packages/httpx/_transports/default.py", line 118, in map_httpcore_exceptions
    raise mapped_exc(message) from exc
httpx.ReadError

The above exception was the direct cause of the following exception:

Traceback (most recent call last):
  File "/data/data/com.termux/files/usr/lib/python3.12/site-packages/telegram/ext/_utils/networkloop.py", line 134, in network_retry_loop
    await do_action()
  File "/data/data/com.termux/files/usr/lib/python3.12/site-packages/telegram/ext/_utils/networkloop.py", line 127, in do_action
    action_cb_task.result()
  File "/data/data/com.termux/files/usr/lib/python3.12/site-packages/telegram/ext/_updater.py", line 340, in polling_action_cb
    updates = await self.bot.get_updates(
              ^^^^^^^^^^^^^^^^^^^^^^^^^^^
  File "/data/data/com.termux/files/usr/lib/python3.12/site-packages/telegram/ext/_extbot.py", line 676, in get_updates
    updates = await super().get_updates(
              ^^^^^^^^^^^^^^^^^^^^^^^^^^
  File "/data/data/com.termux/files/usr/lib/python3.12/site-packages/telegram/_bot.py", line 4780, in get_updates
    await self._post(
  File "/data/data/com.termux/files/usr/lib/python3.12/site-packages/telegram/_bot.py", line 703, in _post
    return await self._do_post(
           ^^^^^^^^^^^^^^^^^^^^
  File "/data/data/com.termux/files/usr/lib/python3.12/site-packages/telegram/ext/_extbot.py", line 372, in _do_post
    return await super()._do_post(
           ^^^^^^^^^^^^^^^^^^^^^^^
  File "/data/data/com.termux/files/usr/lib/python3.12/site-packages/telegram/_bot.py", line 732, in _do_post
    result = await request.post(
             ^^^^^^^^^^^^^^^^^^^
  File "/data/data/com.termux/files/usr/lib/python3.12/site-packages/telegram/request/_baserequest.py", line 198, in post
    result = await self._request_wrapper(
             ^^^^^^^^^^^^^^^^^^^^^^^^^^^^
  File "/data/data/com.termux/files/usr/lib/python3.12/site-packages/telegram/request/_baserequest.py", line 305, in _request_wrapper
    code, payload = await self.do_request(
                    ^^^^^^^^^^^^^^^^^^^^^^
  File "/data/data/com.termux/files/usr/lib/python3.12/site-packages/telegram/request/_httpxrequest.py", line 303, in do_request
    raise NetworkError(f"httpx.{err.__class__.__name__}: {err}") from err
telegram.error.NetworkError: httpx.ReadError: 
2026-09-14 12:33:10,856 | INFO     | httpx | HTTP Request: POST https://api.telegram.org/bot8895975047:AAE_eXzUepLl7GN1AkRT4Z-nakCYjCqDwrU/getUpdates "HTTP/1.1 200 OK"
2026-09-14 12:33:10,863 | INFO     | telegram.ext.Application | Application is stopping. This might take a moment.
2026-09-14 12:33:10,865 | INFO     | apscheduler.scheduler | Scheduler has been shut down
2026-09-14 12:33:10,877 | INFO     | telegram.ext.Application | Application.stop() complete
2026-09-14 12:33:16,270 | INFO     | __main__ | Bot online.
2026-09-14 12:33:17,632 | INFO     | httpx | HTTP Request: POST https://api.telegram.org/bot8895975047:AAE_eXzUepLl7GN1AkRT4Z-nakCYjCqDwrU/getMe "HTTP/1.1 200 OK"
2026-09-14 12:33:17,635 | INFO     | apscheduler.scheduler | Scheduler started
2026-09-14 12:33:17,636 | INFO     | telegram.ext.Application | Application started
2026-09-14 12:33:20,685 | INFO     | httpx | HTTP Request: POST https://api.telegram.org/bot8895975047:AAE_eXzUepLl7GN1AkRT4Z-nakCYjCqDwrU/deleteWebhook "HTTP/1.1 200 OK"
2026-09-14 12:33:24,274 | INFO     | httpx | HTTP Request: POST https://api.telegram.org/bot8895975047:AAE_eXzUepLl7GN1AkRT4Z-nakCYjCqDwrU/getUpdates "HTTP/1.1 200 OK"
2026-09-14 12:33:24,929 | INFO     | httpx | HTTP Request: POST https://api.telegram.org/bot8895975047:AAE_eXzUepLl7GN1AkRT4Z-nakCYjCqDwrU/answerCallbackQuery "HTTP/1.1 200 OK"
2026-09-14 12:33:25,546 | INFO     | httpx | HTTP Request: POST https://api.telegram.org/bot8895975047:AAE_eXzUepLl7GN1AkRT4Z-nakCYjCqDwrU/editMessageText "HTTP/1.1 200 OK"
2026-09-14 12:33:35,353 | INFO     | httpx | HTTP Request: POST https://api.telegram.org/bot8895975047:AAE_eXzUepLl7GN1AkRT4Z-nakCYjCqDwrU/getUpdates "HTTP/1.1 200 OK"
2026-09-14 12:33:46,887 | INFO     | httpx | HTTP Request: POST https://api.telegram.org/bot8895975047:AAE_eXzUepLl7GN1AkRT4Z-nakCYjCqDwrU/getUpdates "HTTP/1.1 200 OK"
2026-09-14 12:33:47,789 | INFO     | httpx | HTTP Request: POST https://api.telegram.org/bot8895975047:AAE_eXzUepLl7GN1AkRT4Z-nakCYjCqDwrU/getUpdates "HTTP/1.1 200 OK"
2026-09-14 12:33:48,427 | INFO     | httpx | HTTP Request: POST https://api.telegram.org/bot8895975047:AAE_eXzUepLl7GN1AkRT4Z-nakCYjCqDwrU/getFile "HTTP/1.1 200 OK"
2026-09-14 12:33:48,840 | INFO     | httpx | HTTP Request: GET https://api.telegram.org/file/bot8895975047%3AAAE_eXzUepLl7GN1AkRT4Z-nakCYjCqDwrU/documents/file_1.txt "HTTP/1.1 200 OK"
2026-09-14 12:33:49,734 | INFO     | httpx | HTTP Request: POST https://api.telegram.org/bot8895975047:AAE_eXzUepLl7GN1AkRT4Z-nakCYjCqDwrU/sendMessage "HTTP/1.1 200 OK"
2026-09-14 12:33:58,012 | INFO     | httpx | HTTP Request: POST https://api.telegram.org/bot8895975047:AAE_eXzUepLl7GN1AkRT4Z-nakCYjCqDwrU/getUpdates "HTTP/1.1 200 OK"
2026-09-14 12:34:03,249 | INFO     | httpx | HTTP Request: POST https://api.telegram.org/bot8895975047:AAE_eXzUepLl7GN1AkRT4Z-nakCYjCqDwrU/getUpdates "HTTP/1.1 200 OK"
2026-09-14 12:34:09,161 | INFO     | httpx | HTTP Request: POST https://api.telegram.org/bot8895975047:AAE_eXzUepLl7GN1AkRT4Z-nakCYjCqDwrU/sendMessage "HTTP/1.1 200 OK"
2026-09-14 12:34:13,459 | INFO     | httpx | HTTP Request: POST https://api.telegram.org/bot8895975047:AAE_eXzUepLl7GN1AkRT4Z-nakCYjCqDwrU/getUpdates "HTTP/1.1 200 OK"
2026-09-14 12:34:16,183 | INFO     | httpx | HTTP Request: POST https://api.telegram.org/bot8895975047:AAE_eXzUepLl7GN1AkRT4Z-nakCYjCqDwrU/getUpdates "HTTP/1.1 200 OK"
2026-09-14 12:34:17,934 | INFO     | httpx | HTTP Request: POST https://api.telegram.org/bot8895975047:AAE_eXzUepLl7GN1AkRT4Z-nakCYjCqDwrU/answerCallbackQuery "HTTP/1.1 200 OK"
2026-09-14 12:34:18,713 | INFO     | httpx | HTTP Request: POST https://api.telegram.org/bot8895975047:AAE_eXzUepLl7GN1AkRT4Z-nakCYjCqDwrU/editMessageText "HTTP/1.1 200 OK"
2026-09-14 12:34:25,332 | INFO     | httpx | HTTP Request: POST https://api.telegram.org/bot8895975047:AAE_eXzUepLl7GN1AkRT4Z-nakCYjCqDwrU/getUpdates "HTTP/1.1 200 OK"
2026-09-14 12:34:27,062 | INFO     | httpx | HTTP Request: POST https://api.telegram.org/bot8895975047:AAE_eXzUepLl7GN1AkRT4Z-nakCYjCqDwrU/answerCallbackQuery "HTTP/1.1 200 OK"
2026-09-14 12:34:27,990 | INFO     | httpx | HTTP Request: POST https://api.telegram.org/bot8895975047:AAE_eXzUepLl7GN1AkRT4Z-nakCYjCqDwrU/deleteMessage "HTTP/1.1 200 OK"
2026-09-14 12:34:28,797 | INFO     | httpx | HTTP Request: POST https://api.telegram.org/bot8895975047:AAE_eXzUepLl7GN1AkRT4Z-nakCYjCqDwrU/sendMessage "HTTP/1.1 200 OK"
2026-09-14 12:34:35,785 | INFO     | httpx | HTTP Request: POST https://api.telegram.org/bot8895975047:AAE_eXzUepLl7GN1AkRT4Z-nakCYjCqDwrU/getUpdates "HTTP/1.1 200 OK"
2026-09-14 12:34:46,156 | INFO     | httpx | HTTP Request: POST https://api.telegram.org/bot8895975047:AAE_eXzUepLl7GN1AkRT4Z-nakCYjCqDwrU/getUpdates "HTTP/1.1 200 OK"
2026-09-14 12:34:52,532 | INFO     | httpx | HTTP Request: POST https://api.telegram.org/bot8895975047:AAE_eXzUepLl7GN1AkRT4Z-nakCYjCqDwrU/getUpdates "HTTP/1.1 200 OK"
2026-09-14 12:34:53,375 | INFO     | httpx | HTTP Request: POST https://api.telegram.org/bot8895975047:AAE_eXzUepLl7GN1AkRT4Z-nakCYjCqDwrU/answerCallbackQuery "HTTP/1.1 200 OK"
2026-09-14 12:34:53,832 | INFO     | httpx | HTTP Request: POST https://api.telegram.org/bot8895975047:AAE_eXzUepLl7GN1AkRT4Z-nakCYjCqDwrU/editMessageText "HTTP/1.1 200 OK"
2026-09-14 12:35:02,756 | INFO     | httpx | HTTP Request: POST https://api.telegram.org/bot8895975047:AAE_eXzUepLl7GN1AkRT4Z-nakCYjCqDwrU/getUpdates "HTTP/1.1 200 OK"
2026-09-14 12:35:10,378 | ERROR    | telegram.ext.Updater | Exception happened while polling for updates.
Traceback (most recent call last):
  File "/data/data/com.termux/files/usr/lib/python3.12/site-packages/httpx/_transports/default.py", line 101, in map_httpcore_exceptions
    yield
  File "/data/data/com.termux/files/usr/lib/python3.12/site-packages/httpx/_transports/default.py", line 394, in handle_async_request
    resp = await self._pool.handle_async_request(req)
           ^^^^^^^^^^^^^^^^^^^^^^^^^^^^^^^^^^^^^^^^^^
  File "/data/data/com.termux/files/usr/lib/python3.12/site-packages/httpcore/_async/connection_pool.py", line 256, in handle_async_request
    raise exc from None
  File "/data/data/com.termux/files/usr/lib/python3.12/site-packages/httpcore/_async/connection_pool.py", line 236, in handle_async_request
    response = await connection.handle_async_request(
               ^^^^^^^^^^^^^^^^^^^^^^^^^^^^^^^^^^^^^^
  File "/data/data/com.termux/files/usr/lib/python3.12/site-packages/httpcore/_async/connection.py", line 103, in handle_async_request
    return await self._connection.handle_async_request(request)
           ^^^^^^^^^^^^^^^^^^^^^^^^^^^^^^^^^^^^^^^^^^^^^^^^^^^^
  File "/data/data/com.termux/files/usr/lib/python3.12/site-packages/httpcore/_async/http11.py", line 136, in handle_async_request
    raise exc
  File "/data/data/com.termux/files/usr/lib/python3.12/site-packages/httpcore/_async/http11.py", line 106, in handle_async_request
    ) = await self._receive_response_headers(**kwargs)
        ^^^^^^^^^^^^^^^^^^^^^^^^^^^^^^^^^^^^^^^^^^^^^^
  File "/data/data/com.termux/files/usr/lib/python3.12/site-packages/httpcore/_async/http11.py", line 177, in _receive_response_headers
    event = await self._receive_event(timeout=timeout)
            ^^^^^^^^^^^^^^^^^^^^^^^^^^^^^^^^^^^^^^^^^^
  File "/data/data/com.termux/files/usr/lib/python3.12/site-packages/httpcore/_async/http11.py", line 217, in _receive_event
    data = await self._network_stream.read(
           ^^^^^^^^^^^^^^^^^^^^^^^^^^^^^^^^
  File "/data/data/com.termux/files/usr/lib/python3.12/site-packages/httpcore/_backends/anyio.py", line 32, in read
    with map_exceptions(exc_map):
         ^^^^^^^^^^^^^^^^^^^^^^^
  File "/data/data/com.termux/files/usr/lib/python3.12/contextlib.py", line 158, in __exit__
    self.gen.throw(value)
  File "/data/data/com.termux/files/usr/lib/python3.12/site-packages/httpcore/_exceptions.py", line 14, in map_exceptions
    raise to_exc(exc) from exc
httpcore.ReadError

The above exception was the direct cause of the following exception:

Traceback (most recent call last):
  File "/data/data/com.termux/files/usr/lib/python3.12/site-packages/telegram/request/_httpxrequest.py", line 279, in do_request
    res = await self._client.request(
          ^^^^^^^^^^^^^^^^^^^^^^^^^^^
  File "/data/data/com.termux/files/usr/lib/python3.12/site-packages/httpx/_client.py", line 1540, in request
    return await self.send(request, auth=auth, follow_redirects=follow_redirects)
           ^^^^^^^^^^^^^^^^^^^^^^^^^^^^^^^^^^^^^^^^^^^^^^^^^^^^^^^^^^^^^^^^^^^^^^
  File "/data/data/com.termux/files/usr/lib/python3.12/site-packages/httpx/_client.py", line 1629, in send
    response = await self._send_handling_auth(
               ^^^^^^^^^^^^^^^^^^^^^^^^^^^^^^^
  File "/data/data/com.termux/files/usr/lib/python3.12/site-packages/httpx/_client.py", line 1657, in _send_handling_auth
    response = await self._send_handling_redirects(
               ^^^^^^^^^^^^^^^^^^^^^^^^^^^^^^^^^^^^
  File "/data/data/com.termux/files/usr/lib/python3.12/site-packages/httpx/_client.py", line 1694, in _send_handling_redirects
    response = await self._send_single_request(request)
               ^^^^^^^^^^^^^^^^^^^^^^^^^^^^^^^^^^^^^^^^
  File "/data/data/com.termux/files/usr/lib/python3.12/site-packages/httpx/_client.py", line 1730, in _send_single_request
    response = await transport.handle_async_request(request)
               ^^^^^^^^^^^^^^^^^^^^^^^^^^^^^^^^^^^^^^^^^^^^^
  File "/data/data/com.termux/files/usr/lib/python3.12/site-packages/httpx/_transports/default.py", line 393, in handle_async_request
    with map_httpcore_exceptions():
         ^^^^^^^^^^^^^^^^^^^^^^^^^
  File "/data/data/com.termux/files/usr/lib/python3.12/contextlib.py", line 158, in __exit__
    self.gen.throw(value)
  File "/data/data/com.termux/files/usr/lib/python3.12/site-packages/httpx/_transports/default.py", line 118, in map_httpcore_exceptions
    raise mapped_exc(message) from exc
httpx.ReadError

The above exception was the direct cause of the following exception:

Traceback (most recent call last):
  File "/data/data/com.termux/files/usr/lib/python3.12/site-packages/telegram/ext/_utils/networkloop.py", line 134, in network_retry_loop
    await do_action()
  File "/data/data/com.termux/files/usr/lib/python3.12/site-packages/telegram/ext/_utils/networkloop.py", line 127, in do_action
    action_cb_task.result()
  File "/data/data/com.termux/files/usr/lib/python3.12/site-packages/telegram/ext/_updater.py", line 340, in polling_action_cb
    updates = await self.bot.get_updates(
              ^^^^^^^^^^^^^^^^^^^^^^^^^^^
  File "/data/data/com.termux/files/usr/lib/python3.12/site-packages/telegram/ext/_extbot.py", line 676, in get_updates
    updates = await super().get_updates(
              ^^^^^^^^^^^^^^^^^^^^^^^^^^
  File "/data/data/com.termux/files/usr/lib/python3.12/site-packages/telegram/_bot.py", line 4780, in get_updates
    await self._post(
  File "/data/data/com.termux/files/usr/lib/python3.12/site-packages/telegram/_bot.py", line 703, in _post
    return await self._do_post(
           ^^^^^^^^^^^^^^^^^^^^
  File "/data/data/com.termux/files/usr/lib/python3.12/site-packages/telegram/ext/_extbot.py", line 372, in _do_post
    return await super()._do_post(
           ^^^^^^^^^^^^^^^^^^^^^^^
  File "/data/data/com.termux/files/usr/lib/python3.12/site-packages/telegram/_bot.py", line 732, in _do_post
    result = await request.post(
             ^^^^^^^^^^^^^^^^^^^
  File "/data/data/com.termux/files/usr/lib/python3.12/site-packages/telegram/request/_baserequest.py", line 198, in post
    result = await self._request_wrapper(
             ^^^^^^^^^^^^^^^^^^^^^^^^^^^^
  File "/data/data/com.termux/files/usr/lib/python3.12/site-packages/telegram/request/_baserequest.py", line 305, in _request_wrapper
    code, payload = await self.do_request(
                    ^^^^^^^^^^^^^^^^^^^^^^
  File "/data/data/com.termux/files/usr/lib/python3.12/site-packages/telegram/request/_httpxrequest.py", line 303, in do_request
    raise NetworkError(f"httpx.{err.__class__.__name__}: {err}") from err
telegram.error.NetworkError: httpx.ReadError: 
2026-09-14 12:37:39,746 | INFO     | httpx | HTTP Request: POST https://api.telegram.org/bot8895975047:AAE_eXzUepLl7GN1AkRT4Z-nakCYjCqDwrU/getUpdates "HTTP/1.1 200 OK"
2026-09-14 12:37:40,689 | INFO     | httpx | HTTP Request: POST https://api.telegram.org/bot8895975047:AAE_eXzUepLl7GN1AkRT4Z-nakCYjCqDwrU/answerCallbackQuery "HTTP/1.1 200 OK"
2026-09-14 12:37:50,516 | INFO     | httpx | HTTP Request: POST https://api.telegram.org/bot8895975047:AAE_eXzUepLl7GN1AkRT4Z-nakCYjCqDwrU/getUpdates "HTTP/1.1 200 OK"
2026-09-14 12:37:52,344 | INFO     | httpx | HTTP Request: POST https://api.telegram.org/bot8895975047:AAE_eXzUepLl7GN1AkRT4Z-nakCYjCqDwrU/getUpdates "HTTP/1.1 200 OK"
2026-09-14 12:37:54,861 | INFO     | httpx | HTTP Request: POST https://api.telegram.org/bot8895975047:AAE_eXzUepLl7GN1AkRT4Z-nakCYjCqDwrU/answerCallbackQuery "HTTP/1.1 200 OK"
2026-09-14 12:38:02,636 | INFO     | httpx | HTTP Request: POST https://api.telegram.org/bot8895975047:AAE_eXzUepLl7GN1AkRT4Z-nakCYjCqDwrU/getUpdates "HTTP/1.1 200 OK"
2026-09-14 12:45:33,536 | INFO     | httpx | HTTP Request: POST https://api.telegram.org/bot8895975047:AAE_eXzUepLl7GN1AkRT4Z-nakCYjCqDwrU/getUpdates "HTTP/1.1 200 OK"
2026-09-14 12:45:41,302 | INFO     | __main__ | Bot online.
2026-09-14 12:45:41,988 | INFO     | httpx | HTTP Request: POST https://api.telegram.org/bot8895975047:AAE_eXzUepLl7GN1AkRT4Z-nakCYjCqDwrU/getMe "HTTP/1.1 200 OK"
2026-09-14 12:45:41,991 | INFO     | apscheduler.scheduler | Scheduler started
2026-09-14 12:45:41,991 | INFO     | telegram.ext.Application | Application started
2026-09-14 12:45:42,210 | INFO     | httpx | HTTP Request: POST https://api.telegram.org/bot8895975047:AAE_eXzUepLl7GN1AkRT4Z-nakCYjCqDwrU/deleteWebhook "HTTP/1.1 200 OK"
2026-09-14 12:45:52,886 | INFO     | httpx | HTTP Request: POST https://api.telegram.org/bot8895975047:AAE_eXzUepLl7GN1AkRT4Z-nakCYjCqDwrU/getUpdates "HTTP/1.1 200 OK"
2026-09-14 12:45:59,498 | INFO     | httpx | HTTP Request: POST https://api.telegram.org/bot8895975047:AAE_eXzUepLl7GN1AkRT4Z-nakCYjCqDwrU/getUpdates "HTTP/1.1 200 OK"
2026-09-14 12:46:02,008 | INFO     | httpx | HTTP Request: POST https://api.telegram.org/bot8895975047:AAE_eXzUepLl7GN1AkRT4Z-nakCYjCqDwrU/sendMessage "HTTP/1.1 200 OK"
2026-09-14 12:46:05,357 | INFO     | httpx | HTTP Request: POST https://api.telegram.org/bot8895975047:AAE_eXzUepLl7GN1AkRT4Z-nakCYjCqDwrU/getUpdates "HTTP/1.1 200 OK"
2026-09-14 12:46:06,557 | INFO     | httpx | HTTP Request: POST https://api.telegram.org/bot8895975047:AAE_eXzUepLl7GN1AkRT4Z-nakCYjCqDwrU/deleteMessage "HTTP/1.1 200 OK"
2026-09-14 12:46:07,416 | INFO     | httpx | HTTP Request: POST https://api.telegram.org/bot8895975047:AAE_eXzUepLl7GN1AkRT4Z-nakCYjCqDwrU/sendMessage "HTTP/1.1 200 OK"
2026-09-14 12:46:16,445 | INFO     | httpx | HTTP Request: POST https://api.telegram.org/bot8895975047:AAE_eXzUepLl7GN1AkRT4Z-nakCYjCqDwrU/getUpdates "HTTP/1.1 200 OK"
2026-09-14 12:46:20,536 | INFO     | httpx | HTTP Request: POST https://api.telegram.org/bot8895975047:AAE_eXzUepLl7GN1AkRT4Z-nakCYjCqDwrU/getUpdates "HTTP/1.1 200 OK"
2026-09-14 12:46:21,437 | INFO     | httpx | HTTP Request: POST https://api.telegram.org/bot8895975047:AAE_eXzUepLl7GN1AkRT4Z-nakCYjCqDwrU/answerCallbackQuery "HTTP/1.1 200 OK"
2026-09-14 12:46:21,980 | INFO     | httpx | HTTP Request: POST https://api.telegram.org/bot8895975047:AAE_eXzUepLl7GN1AkRT4Z-nakCYjCqDwrU/answerCallbackQuery "HTTP/1.1 200 OK"
2026-09-14 12:46:30,786 | INFO     | httpx | HTTP Request: POST https://api.telegram.org/bot8895975047:AAE_eXzUepLl7GN1AkRT4Z-nakCYjCqDwrU/getUpdates "HTTP/1.1 200 OK"
2026-09-14 12:46:31,365 | INFO     | httpx | HTTP Request: POST https://api.telegram.org/bot8895975047:AAE_eXzUepLl7GN1AkRT4Z-nakCYjCqDwrU/getUpdates "HTTP/1.1 200 OK"
2026-09-14 12:46:32,741 | INFO     | httpx | HTTP Request: POST https://api.telegram.org/bot8895975047:AAE_eXzUepLl7GN1AkRT4Z-nakCYjCqDwrU/answerCallbackQuery "HTTP/1.1 200 OK"
2026-09-14 12:46:33,541 | INFO     | httpx | HTTP Request: POST https://api.telegram.org/bot8895975047:AAE_eXzUepLl7GN1AkRT4Z-nakCYjCqDwrU/answerCallbackQuery "HTTP/1.1 200 OK"
2026-09-14 12:46:35,167 | INFO     | httpx | HTTP Request: POST https://api.telegram.org/bot8895975047:AAE_eXzUepLl7GN1AkRT4Z-nakCYjCqDwrU/getUpdates "HTTP/1.1 200 OK"
2026-09-14 12:46:35,549 | INFO     | httpx | HTTP Request: POST https://api.telegram.org/bot8895975047:AAE_eXzUepLl7GN1AkRT4Z-nakCYjCqDwrU/answerCallbackQuery "HTTP/1.1 200 OK"
2026-09-14 12:46:35,925 | INFO     | httpx | HTTP Request: POST https://api.telegram.org/bot8895975047:AAE_eXzUepLl7GN1AkRT4Z-nakCYjCqDwrU/answerCallbackQuery "HTTP/1.1 200 OK"
2026-09-14 12:46:45,420 | INFO     | httpx | HTTP Request: POST https://api.telegram.org/bot8895975047:AAE_eXzUepLl7GN1AkRT4Z-nakCYjCqDwrU/getUpdates "HTTP/1.1 200 OK"
2026-09-14 12:48:05,774 | INFO     | httpx | HTTP Request: POST https://api.telegram.org/bot8895975047:AAE_eXzUepLl7GN1AkRT4Z-nakCYjCqDwrU/getUpdates "HTTP/1.1 200 OK"
2026-09-14 12:48:12,184 | INFO     | __main__ | Bot online.
2026-09-14 12:48:12,967 | INFO     | httpx | HTTP Request: POST https://api.telegram.org/bot8895975047:AAE_eXzUepLl7GN1AkRT4Z-nakCYjCqDwrU/getMe "HTTP/1.1 200 OK"
2026-09-14 12:48:12,971 | INFO     | apscheduler.scheduler | Scheduler started
2026-09-14 12:48:12,972 | INFO     | telegram.ext.Application | Application started
2026-09-14 12:48:13,188 | INFO     | httpx | HTTP Request: POST https://api.telegram.org/bot8895975047:AAE_eXzUepLl7GN1AkRT4Z-nakCYjCqDwrU/deleteWebhook "HTTP/1.1 200 OK"
2026-09-14 12:48:20,094 | INFO     | httpx | HTTP Request: POST https://api.telegram.org/bot8895975047:AAE_eXzUepLl7GN1AkRT4Z-nakCYjCqDwrU/getUpdates "HTTP/1.1 200 OK"
2026-09-14 12:48:21,443 | INFO     | httpx | HTTP Request: POST https://api.telegram.org/bot8895975047:AAE_eXzUepLl7GN1AkRT4Z-nakCYjCqDwrU/answerCallbackQuery "HTTP/1.1 200 OK"
2026-09-14 12:48:22,189 | INFO     | httpx | HTTP Request: POST https://api.telegram.org/bot8895975047:AAE_eXzUepLl7GN1AkRT4Z-nakCYjCqDwrU/answerCallbackQuery "HTTP/1.1 200 OK"
2026-09-14 12:48:24,869 | INFO     | httpx | HTTP Request: POST https://api.telegram.org/bot8895975047:AAE_eXzUepLl7GN1AkRT4Z-nakCYjCqDwrU/getUpdates "HTTP/1.1 200 OK"
2026-09-14 12:48:25,134 | INFO     | httpx | HTTP Request: POST https://api.telegram.org/bot8895975047:AAE_eXzUepLl7GN1AkRT4Z-nakCYjCqDwrU/getUpdates "HTTP/1.1 200 OK"
2026-09-14 12:48:25,359 | INFO     | httpx | HTTP Request: POST https://api.telegram.org/bot8895975047:AAE_eXzUepLl7GN1AkRT4Z-nakCYjCqDwrU/answerCallbackQuery "HTTP/1.1 200 OK"
2026-09-14 12:48:25,977 | INFO     | httpx | HTTP Request: POST https://api.telegram.org/bot8895975047:AAE_eXzUepLl7GN1AkRT4Z-nakCYjCqDwrU/answerCallbackQuery "HTTP/1.1 200 OK"
2026-09-14 12:48:26,389 | INFO     | httpx | HTTP Request: POST https://api.telegram.org/bot8895975047:AAE_eXzUepLl7GN1AkRT4Z-nakCYjCqDwrU/answerCallbackQuery "HTTP/1.1 200 OK"
2026-09-14 12:48:26,833 | INFO     | httpx | HTTP Request: POST https://api.telegram.org/bot8895975047:AAE_eXzUepLl7GN1AkRT4Z-nakCYjCqDwrU/answerCallbackQuery "HTTP/1.1 200 OK"
2026-09-14 12:48:35,430 | INFO     | httpx | HTTP Request: POST https://api.telegram.org/bot8895975047:AAE_eXzUepLl7GN1AkRT4Z-nakCYjCqDwrU/getUpdates "HTTP/1.1 200 OK"
2026-09-14 12:48:45,647 | INFO     | httpx | HTTP Request: POST https://api.telegram.org/bot8895975047:AAE_eXzUepLl7GN1AkRT4Z-nakCYjCqDwrU/getUpdates "HTTP/1.1 200 OK"
2026-09-14 12:48:55,979 | INFO     | httpx | HTTP Request: POST https://api.telegram.org/bot8895975047:AAE_eXzUepLl7GN1AkRT4Z-nakCYjCqDwrU/getUpdates "HTTP/1.1 200 OK"
2026-09-14 12:49:06,796 | INFO     | httpx | HTTP Request: POST https://api.telegram.org/bot8895975047:AAE_eXzUepLl7GN1AkRT4Z-nakCYjCqDwrU/getUpdates "HTTP/1.1 200 OK"
2026-09-14 12:50:13,928 | INFO     | httpx | HTTP Request: POST https://api.telegram.org/bot8895975047:AAE_eXzUepLl7GN1AkRT4Z-nakCYjCqDwrU/getUpdates "HTTP/1.1 200 OK"
2026-09-14 12:50:13,930 | INFO     | telegram.ext.Application | Application is stopping. This might take a moment.
2026-09-14 12:50:13,932 | INFO     | apscheduler.scheduler | Scheduler has been shut down
2026-09-14 12:50:13,943 | INFO     | telegram.ext.Application | Application.stop() complete
2026-09-14 12:50:16,948 | INFO     | __main__ | Bot online.
2026-09-14 12:50:17,805 | INFO     | httpx | HTTP Request: POST https://api.telegram.org/bot8895975047:AAE_eXzUepLl7GN1AkRT4Z-nakCYjCqDwrU/getMe "HTTP/1.1 200 OK"
2026-09-14 12:50:17,808 | INFO     | apscheduler.scheduler | Scheduler started
2026-09-14 12:50:17,809 | INFO     | telegram.ext.Application | Application started
2026-09-14 12:50:18,016 | INFO     | httpx | HTTP Request: POST https://api.telegram.org/bot8895975047:AAE_eXzUepLl7GN1AkRT4Z-nakCYjCqDwrU/deleteWebhook "HTTP/1.1 200 OK"
2026-09-14 12:50:24,170 | INFO     | httpx | HTTP Request: POST https://api.telegram.org/bot8895975047:AAE_eXzUepLl7GN1AkRT4Z-nakCYjCqDwrU/getUpdates "HTTP/1.1 200 OK"
2026-09-14 12:50:25,079 | INFO     | httpx | HTTP Request: POST https://api.telegram.org/bot8895975047:AAE_eXzUepLl7GN1AkRT4Z-nakCYjCqDwrU/answerCallbackQuery "HTTP/1.1 200 OK"
2026-09-14 12:50:25,506 | INFO     | httpx | HTTP Request: POST https://api.telegram.org/bot8895975047:AAE_eXzUepLl7GN1AkRT4Z-nakCYjCqDwrU/editMessageText "HTTP/1.1 200 OK"
2026-09-14 12:50:34,388 | INFO     | httpx | HTTP Request: POST https://api.telegram.org/bot8895975047:AAE_eXzUepLl7GN1AkRT4Z-nakCYjCqDwrU/getUpdates "HTTP/1.1 200 OK"
2026-09-14 12:50:36,520 | INFO     | httpx | HTTP Request: POST https://api.telegram.org/bot8895975047:AAE_eXzUepLl7GN1AkRT4Z-nakCYjCqDwrU/getUpdates "HTTP/1.1 200 OK"
2026-09-14 12:50:37,416 | INFO     | httpx | HTTP Request: POST https://api.telegram.org/bot8895975047:AAE_eXzUepLl7GN1AkRT4Z-nakCYjCqDwrU/sendMessage "HTTP/1.1 200 OK"
2026-09-14 12:50:46,841 | INFO     | httpx | HTTP Request: POST https://api.telegram.org/bot8895975047:AAE_eXzUepLl7GN1AkRT4Z-nakCYjCqDwrU/getUpdates "HTTP/1.1 200 OK"
2026-09-14 12:50:57,743 | INFO     | httpx | HTTP Request: POST https://api.telegram.org/bot8895975047:AAE_eXzUepLl7GN1AkRT4Z-nakCYjCqDwrU/getUpdates "HTTP/1.1 200 OK"
2026-09-14 12:50:59,654 | INFO     | httpx | HTTP Request: POST https://api.telegram.org/bot8895975047:AAE_eXzUepLl7GN1AkRT4Z-nakCYjCqDwrU/getUpdates "HTTP/1.1 200 OK"
2026-09-14 12:51:06,571 | INFO     | httpx | HTTP Request: POST https://api.telegram.org/bot8895975047:AAE_eXzUepLl7GN1AkRT4Z-nakCYjCqDwrU/sendMessage "HTTP/1.1 200 OK"
2026-09-14 12:51:07,364 | INFO     | httpx | HTTP Request: POST https://api.telegram.org/bot8895975047:AAE_eXzUepLl7GN1AkRT4Z-nakCYjCqDwrU/sendPhoto "HTTP/1.1 200 OK"
2026-09-14 12:51:10,233 | INFO     | httpx | HTTP Request: POST https://api.telegram.org/bot8895975047:AAE_eXzUepLl7GN1AkRT4Z-nakCYjCqDwrU/getUpdates "HTTP/1.1 200 OK"
2026-09-14 12:51:14,483 | INFO     | httpx | HTTP Request: POST https://api.telegram.org/bot8895975047:AAE_eXzUepLl7GN1AkRT4Z-nakCYjCqDwrU/getUpdates "HTTP/1.1 200 OK"
2026-09-14 12:51:17,311 | INFO     | httpx | HTTP Request: POST https://api.telegram.org/bot8895975047:AAE_eXzUepLl7GN1AkRT4Z-nakCYjCqDwrU/answerCallbackQuery "HTTP/1.1 200 OK"
2026-09-14 12:51:17,826 | INFO     | httpx | HTTP Request: POST https://api.telegram.org/bot8895975047:AAE_eXzUepLl7GN1AkRT4Z-nakCYjCqDwrU/sendMessage "HTTP/1.1 200 OK"
2026-09-14 12:51:18,284 | INFO     | httpx | HTTP Request: POST https://api.telegram.org/bot8895975047:AAE_eXzUepLl7GN1AkRT4Z-nakCYjCqDwrU/editMessageCaption "HTTP/1.1 200 OK"
2026-09-14 12:51:18,752 | INFO     | httpx | HTTP Request: POST https://api.telegram.org/bot8895975047:AAE_eXzUepLl7GN1AkRT4Z-nakCYjCqDwrU/answerCallbackQuery "HTTP/1.1 200 OK"
2026-09-14 12:51:24,774 | INFO     | httpx | HTTP Request: POST https://api.telegram.org/bot8895975047:AAE_eXzUepLl7GN1AkRT4Z-nakCYjCqDwrU/getUpdates "HTTP/1.1 200 OK"
2026-09-14 12:51:35,124 | INFO     | httpx | HTTP Request: POST https://api.telegram.org/bot8895975047:AAE_eXzUepLl7GN1AkRT4Z-nakCYjCqDwrU/getUpdates "HTTP/1.1 200 OK"
2026-09-14 12:51:45,566 | INFO     | httpx | HTTP Request: POST https://api.telegram.org/bot8895975047:AAE_eXzUepLl7GN1AkRT4Z-nakCYjCqDwrU/getUpdates "HTTP/1.1 200 OK"
2026-09-14 12:51:56,103 | INFO     | httpx | HTTP Request: POST https://api.telegram.org/bot8895975047:AAE_eXzUepLl7GN1AkRT4Z-nakCYjCqDwrU/getUpdates "HTTP/1.1 200 OK"
2026-09-14 12:52:07,574 | INFO     | httpx | HTTP Request: POST https://api.telegram.org/bot8895975047:AAE_eXzUepLl7GN1AkRT4Z-nakCYjCqDwrU/getUpdates "HTTP/1.1 200 OK"
2026-09-14 12:52:18,530 | INFO     | httpx | HTTP Request: POST https://api.telegram.org/bot8895975047:AAE_eXzUepLl7GN1AkRT4Z-nakCYjCqDwrU/getUpdates "HTTP/1.1 200 OK"
2026-09-14 12:52:24,565 | INFO     | httpx | HTTP Request: POST https://api.telegram.org/bot8895975047:AAE_eXzUepLl7GN1AkRT4Z-nakCYjCqDwrU/getUpdates "HTTP/1.1 200 OK"
2026-09-14 12:52:25,554 | INFO     | httpx | HTTP Request: POST https://api.telegram.org/bot8895975047:AAE_eXzUepLl7GN1AkRT4Z-nakCYjCqDwrU/deleteMessage "HTTP/1.1 200 OK"
2026-09-14 12:52:26,058 | INFO     | httpx | HTTP Request: POST https://api.telegram.org/bot8895975047:AAE_eXzUepLl7GN1AkRT4Z-nakCYjCqDwrU/sendMessage "HTTP/1.1 200 OK"
2026-09-14 12:52:34,913 | INFO     | httpx | HTTP Request: POST https://api.telegram.org/bot8895975047:AAE_eXzUepLl7GN1AkRT4Z-nakCYjCqDwrU/getUpdates "HTTP/1.1 200 OK"
2026-09-14 13:04:05,558 | INFO     | __main__ | Bot online.
2026-09-14 13:04:07,174 | INFO     | httpx | HTTP Request: POST https://api.telegram.org/bot8895975047:AAE_eXzUepLl7GN1AkRT4Z-nakCYjCqDwrU/getMe "HTTP/1.1 200 OK"
2026-09-14 13:04:07,181 | INFO     | apscheduler.scheduler | Scheduler started
2026-09-14 13:04:07,182 | INFO     | telegram.ext.Application | Application started
2026-09-14 13:04:07,993 | INFO     | httpx | HTTP Request: POST https://api.telegram.org/bot8895975047:AAE_eXzUepLl7GN1AkRT4Z-nakCYjCqDwrU/deleteWebhook "HTTP/1.1 200 OK"
2026-09-14 13:04:15,118 | INFO     | httpx | HTTP Request: POST https://api.telegram.org/bot8895975047:AAE_eXzUepLl7GN1AkRT4Z-nakCYjCqDwrU/getUpdates "HTTP/1.1 200 OK"
2026-09-14 13:04:15,967 | INFO     | httpx | HTTP Request: POST https://api.telegram.org/bot8895975047:AAE_eXzUepLl7GN1AkRT4Z-nakCYjCqDwrU/deleteMessage "HTTP/1.1 200 OK"
2026-09-14 13:04:16,430 | INFO     | httpx | HTTP Request: POST https://api.telegram.org/bot8895975047:AAE_eXzUepLl7GN1AkRT4Z-nakCYjCqDwrU/sendMessage "HTTP/1.1 200 OK"
2026-09-14 13:04:19,124 | INFO     | httpx | HTTP Request: POST https://api.telegram.org/bot8895975047:AAE_eXzUepLl7GN1AkRT4Z-nakCYjCqDwrU/getUpdates "HTTP/1.1 200 OK"
2026-09-14 13:04:19,610 | INFO     | httpx | HTTP Request: POST https://api.telegram.org/bot8895975047:AAE_eXzUepLl7GN1AkRT4Z-nakCYjCqDwrU/answerCallbackQuery "HTTP/1.1 200 OK"
2026-09-14 13:04:20,127 | INFO     | httpx | HTTP Request: POST https://api.telegram.org/bot8895975047:AAE_eXzUepLl7GN1AkRT4Z-nakCYjCqDwrU/editMessageText "HTTP/1.1 200 OK"
2026-09-14 13:04:29,333 | INFO     | httpx | HTTP Request: POST https://api.telegram.org/bot8895975047:AAE_eXzUepLl7GN1AkRT4Z-nakCYjCqDwrU/getUpdates "HTTP/1.1 200 OK"
2026-09-14 13:04:39,614 | INFO     | httpx | HTTP Request: POST https://api.telegram.org/bot8895975047:AAE_eXzUepLl7GN1AkRT4Z-nakCYjCqDwrU/getUpdates "HTTP/1.1 200 OK"
2026-09-14 13:04:49,945 | INFO     | httpx | HTTP Request: POST https://api.telegram.org/bot8895975047:AAE_eXzUepLl7GN1AkRT4Z-nakCYjCqDwrU/getUpdates "HTTP/1.1 200 OK"
2026-09-14 13:05:00,273 | INFO     | httpx | HTTP Request: POST https://api.telegram.org/bot8895975047:AAE_eXzUepLl7GN1AkRT4Z-nakCYjCqDwrU/getUpdates "HTTP/1.1 200 OK"
2026-09-14 13:05:10,906 | INFO     | httpx | HTTP Request: POST https://api.telegram.org/bot8895975047:AAE_eXzUepLl7GN1AkRT4Z-nakCYjCqDwrU/getUpdates "HTTP/1.1 200 OK"
2026-09-14 13:05:22,242 | INFO     | httpx | HTTP Request: POST https://api.telegram.org/bot8895975047:AAE_eXzUepLl7GN1AkRT4Z-nakCYjCqDwrU/getUpdates "HTTP/1.1 200 OK"
2026-09-14 13:05:32,544 | INFO     | httpx | HTTP Request: POST https://api.telegram.org/bot8895975047:AAE_eXzUepLl7GN1AkRT4Z-nakCYjCqDwrU/getUpdates "HTTP/1.1 200 OK"
2026-09-14 13:05:42,785 | INFO     | httpx | HTTP Request: POST https://api.telegram.org/bot8895975047:AAE_eXzUepLl7GN1AkRT4Z-nakCYjCqDwrU/getUpdates "HTTP/1.1 200 OK"
2026-09-14 13:05:53,030 | INFO     | httpx | HTTP Request: POST https://api.telegram.org/bot8895975047:AAE_eXzUepLl7GN1AkRT4Z-nakCYjCqDwrU/getUpdates "HTTP/1.1 200 OK"
2026-09-14 13:06:03,264 | INFO     | httpx | HTTP Request: POST https://api.telegram.org/bot8895975047:AAE_eXzUepLl7GN1AkRT4Z-nakCYjCqDwrU/getUpdates "HTTP/1.1 200 OK"
2026-09-14 13:06:13,525 | INFO     | httpx | HTTP Request: POST https://api.telegram.org/bot8895975047:AAE_eXzUepLl7GN1AkRT4Z-nakCYjCqDwrU/getUpdates "HTTP/1.1 200 OK"
2026-09-14 13:06:23,766 | INFO     | httpx | HTTP Request: POST https://api.telegram.org/bot8895975047:AAE_eXzUepLl7GN1AkRT4Z-nakCYjCqDwrU/getUpdates "HTTP/1.1 200 OK"
2026-09-14 13:06:26,626 | INFO     | httpx | HTTP Request: POST https://api.telegram.org/bot8895975047:AAE_eXzUepLl7GN1AkRT4Z-nakCYjCqDwrU/getUpdates "HTTP/1.1 200 OK"
2026-09-14 13:06:26,841 | INFO     | httpx | HTTP Request: POST https://api.telegram.org/bot8895975047:AAE_eXzUepLl7GN1AkRT4Z-nakCYjCqDwrU/getUpdates "HTTP/1.1 200 OK"
2026-09-14 13:06:27,946 | INFO     | httpx | HTTP Request: POST https://api.telegram.org/bot8895975047:AAE_eXzUepLl7GN1AkRT4Z-nakCYjCqDwrU/deleteMessage "HTTP/1.1 200 OK"
2026-09-14 13:06:28,340 | INFO     | httpx | HTTP Request: POST https://api.telegram.org/bot8895975047:AAE_eXzUepLl7GN1AkRT4Z-nakCYjCqDwrU/deleteMessage "HTTP/1.1 200 OK"
2026-09-14 13:06:28,847 | INFO     | httpx | HTTP Request: POST https://api.telegram.org/bot8895975047:AAE_eXzUepLl7GN1AkRT4Z-nakCYjCqDwrU/sendMessage "HTTP/1.1 200 OK"
2026-09-14 13:06:29,378 | INFO     | httpx | HTTP Request: POST https://api.telegram.org/bot8895975047:AAE_eXzUepLl7GN1AkRT4Z-nakCYjCqDwrU/deleteMessage "HTTP/1.1 200 OK"
2026-09-14 13:06:29,772 | INFO     | httpx | HTTP Request: POST https://api.telegram.org/bot8895975047:AAE_eXzUepLl7GN1AkRT4Z-nakCYjCqDwrU/deleteMessage "HTTP/1.1 200 OK"
2026-09-14 13:06:30,201 | INFO     | httpx | HTTP Request: POST https://api.telegram.org/bot8895975047:AAE_eXzUepLl7GN1AkRT4Z-nakCYjCqDwrU/sendMessage "HTTP/1.1 200 OK"
2026-09-14 13:06:37,286 | INFO     | httpx | HTTP Request: POST https://api.telegram.org/bot8895975047:AAE_eXzUepLl7GN1AkRT4Z-nakCYjCqDwrU/getUpdates "HTTP/1.1 200 OK"
2026-09-14 13:06:40,125 | INFO     | httpx | HTTP Request: POST https://api.telegram.org/bot8895975047:AAE_eXzUepLl7GN1AkRT4Z-nakCYjCqDwrU/getUpdates "HTTP/1.1 200 OK"
2026-09-14 13:06:42,740 | INFO     | httpx | HTTP Request: POST https://api.telegram.org/bot8895975047:AAE_eXzUepLl7GN1AkRT4Z-nakCYjCqDwrU/answerCallbackQuery "HTTP/1.1 200 OK"
2026-09-14 13:06:44,633 | INFO     | httpx | HTTP Request: POST https://api.telegram.org/bot8895975047:AAE_eXzUepLl7GN1AkRT4Z-nakCYjCqDwrU/editMessageText "HTTP/1.1 200 OK"
2026-09-14 13:06:50,453 | INFO     | httpx | HTTP Request: POST https://api.telegram.org/bot8895975047:AAE_eXzUepLl7GN1AkRT4Z-nakCYjCqDwrU/getUpdates "HTTP/1.1 200 OK"
2026-09-14 13:24:41,956 | INFO     | __main__ | Bot online.
2026-09-14 13:24:42,772 | INFO     | httpx | HTTP Request: POST https://api.telegram.org/bot8895975047:AAE_eXzUepLl7GN1AkRT4Z-nakCYjCqDwrU/getMe "HTTP/1.1 200 OK"
2026-09-14 13:24:42,778 | INFO     | apscheduler.scheduler | Scheduler started
2026-09-14 13:24:42,779 | INFO     | telegram.ext.Application | Application started
2026-09-14 13:24:43,022 | INFO     | httpx | HTTP Request: POST https://api.telegram.org/bot8895975047:AAE_eXzUepLl7GN1AkRT4Z-nakCYjCqDwrU/deleteWebhook "HTTP/1.1 200 OK"
2026-09-14 13:24:45,883 | INFO     | httpx | HTTP Request: POST https://api.telegram.org/bot8895975047:AAE_eXzUepLl7GN1AkRT4Z-nakCYjCqDwrU/getUpdates "HTTP/1.1 200 OK"
2026-09-14 13:24:46,284 | INFO     | httpx | HTTP Request: POST https://api.telegram.org/bot8895975047:AAE_eXzUepLl7GN1AkRT4Z-nakCYjCqDwrU/deleteMessage "HTTP/1.1 200 OK"
2026-09-14 13:24:46,730 | INFO     | httpx | HTTP Request: POST https://api.telegram.org/bot8895975047:AAE_eXzUepLl7GN1AkRT4Z-nakCYjCqDwrU/sendMessage "HTTP/1.1 200 OK"
2026-09-14 13:24:47,145 | INFO     | httpx | HTTP Request: POST https://api.telegram.org/bot8895975047:AAE_eXzUepLl7GN1AkRT4Z-nakCYjCqDwrU/deleteMessage "HTTP/1.1 200 OK"
2026-09-14 13:24:47,524 | INFO     | httpx | HTTP Request: POST https://api.telegram.org/bot8895975047:AAE_eXzUepLl7GN1AkRT4Z-nakCYjCqDwrU/deleteMessage "HTTP/1.1 200 OK"
2026-09-14 13:24:47,959 | INFO     | httpx | HTTP Request: POST https://api.telegram.org/bot8895975047:AAE_eXzUepLl7GN1AkRT4Z-nakCYjCqDwrU/sendMessage "HTTP/1.1 200 OK"
2026-09-14 13:24:49,729 | INFO     | httpx | HTTP Request: POST https://api.telegram.org/bot8895975047:AAE_eXzUepLl7GN1AkRT4Z-nakCYjCqDwrU/getUpdates "HTTP/1.1 200 OK"
2026-09-14 13:24:50,115 | INFO     | httpx | HTTP Request: POST https://api.telegram.org/bot8895975047:AAE_eXzUepLl7GN1AkRT4Z-nakCYjCqDwrU/answerCallbackQuery "HTTP/1.1 200 OK"
2026-09-14 13:24:50,511 | INFO     | httpx | HTTP Request: POST https://api.telegram.org/bot8895975047:AAE_eXzUepLl7GN1AkRT4Z-nakCYjCqDwrU/deleteMessage "HTTP/1.1 200 OK"
2026-09-14 13:24:50,542 | ERROR    | telegram.ext.Application | No error handlers are registered, logging exception.
Traceback (most recent call last):
  File "/data/data/com.termux/files/usr/lib/python3.12/site-packages/telegram/ext/_application.py", line 1315, in process_update
    await coroutine
  File "/data/data/com.termux/files/usr/lib/python3.12/site-packages/telegram/ext/_handlers/basehandler.py", line 159, in handle_update
    return await self.callback(update, context)
           ^^^^^^^^^^^^^^^^^^^^^^^^^^^^^^^^^^^^
  File "/storage/emulated/0/Python/BOT/bot1.py", line 685, in on_callback
    with open("banner.jpg", "rb") as photo_file:
         ^^^^^^^^^^^^^^^^^^^^^^^^
FileNotFoundError: [Errno 2] No such file or directory: 'banner.jpg'
2026-09-14 13:24:54,489 | INFO     | httpx | HTTP Request: POST https://api.telegram.org/bot8895975047:AAE_eXzUepLl7GN1AkRT4Z-nakCYjCqDwrU/getUpdates "HTTP/1.1 200 OK"
2026-09-14 13:24:54,879 | INFO     | httpx | HTTP Request: POST https://api.telegram.org/bot8895975047:AAE_eXzUepLl7GN1AkRT4Z-nakCYjCqDwrU/answerCallbackQuery "HTTP/1.1 200 OK"
2026-09-14 13:24:55,300 | INFO     | httpx | HTTP Request: POST https://api.telegram.org/bot8895975047:AAE_eXzUepLl7GN1AkRT4Z-nakCYjCqDwrU/editMessageText "HTTP/1.1 200 OK"
2026-09-14 13:25:09,394 | ERROR    | telegram.ext.Updater | Exception happened while polling for updates.
Traceback (most recent call last):
  File "/data/data/com.termux/files/usr/lib/python3.12/site-packages/httpx/_transports/default.py", line 101, in map_httpcore_exceptions
    yield
  File "/data/data/com.termux/files/usr/lib/python3.12/site-packages/httpx/_transports/default.py", line 394, in handle_async_request
    resp = await self._pool.handle_async_request(req)
           ^^^^^^^^^^^^^^^^^^^^^^^^^^^^^^^^^^^^^^^^^^
  File "/data/data/com.termux/files/usr/lib/python3.12/site-packages/httpcore/_async/connection_pool.py", line 256, in handle_async_request
    raise exc from None
  File "/data/data/com.termux/files/usr/lib/python3.12/site-packages/httpcore/_async/connection_pool.py", line 236, in handle_async_request
    response = await connection.handle_async_request(
               ^^^^^^^^^^^^^^^^^^^^^^^^^^^^^^^^^^^^^^
  File "/data/data/com.termux/files/usr/lib/python3.12/site-packages/httpcore/_async/connection.py", line 103, in handle_async_request
    return await self._connection.handle_async_request(request)
           ^^^^^^^^^^^^^^^^^^^^^^^^^^^^^^^^^^^^^^^^^^^^^^^^^^^^
  File "/data/data/com.termux/files/usr/lib/python3.12/site-packages/httpcore/_async/http11.py", line 136, in handle_async_request
    raise exc
  File "/data/data/com.termux/files/usr/lib/python3.12/site-packages/httpcore/_async/http11.py", line 106, in handle_async_request
    ) = await self._receive_response_headers(**kwargs)
        ^^^^^^^^^^^^^^^^^^^^^^^^^^^^^^^^^^^^^^^^^^^^^^
  File "/data/data/com.termux/files/usr/lib/python3.12/site-packages/httpcore/_async/http11.py", line 177, in _receive_response_headers
    event = await self._receive_event(timeout=timeout)
            ^^^^^^^^^^^^^^^^^^^^^^^^^^^^^^^^^^^^^^^^^^
  File "/data/data/com.termux/files/usr/lib/python3.12/site-packages/httpcore/_async/http11.py", line 217, in _receive_event
    data = await self._network_stream.read(
           ^^^^^^^^^^^^^^^^^^^^^^^^^^^^^^^^
  File "/data/data/com.termux/files/usr/lib/python3.12/site-packages/httpcore/_backends/anyio.py", line 32, in read
    with map_exceptions(exc_map):
         ^^^^^^^^^^^^^^^^^^^^^^^
  File "/data/data/com.termux/files/usr/lib/python3.12/contextlib.py", line 158, in __exit__
    self.gen.throw(value)
  File "/data/data/com.termux/files/usr/lib/python3.12/site-packages/httpcore/_exceptions.py", line 14, in map_exceptions
    raise to_exc(exc) from exc
httpcore.ReadError

The above exception was the direct cause of the following exception:

Traceback (most recent call last):
  File "/data/data/com.termux/files/usr/lib/python3.12/site-packages/telegram/request/_httpxrequest.py", line 279, in do_request
    res = await self._client.request(
          ^^^^^^^^^^^^^^^^^^^^^^^^^^^
  File "/data/data/com.termux/files/usr/lib/python3.12/site-packages/httpx/_client.py", line 1540, in request
    return await self.send(request, auth=auth, follow_redirects=follow_redirects)
           ^^^^^^^^^^^^^^^^^^^^^^^^^^^^^^^^^^^^^^^^^^^^^^^^^^^^^^^^^^^^^^^^^^^^^^
  File "/data/data/com.termux/files/usr/lib/python3.12/site-packages/httpx/_client.py", line 1629, in send
    response = await self._send_handling_auth(
               ^^^^^^^^^^^^^^^^^^^^^^^^^^^^^^^
  File "/data/data/com.termux/files/usr/lib/python3.12/site-packages/httpx/_client.py", line 1657, in _send_handling_auth
    response = await self._send_handling_redirects(
               ^^^^^^^^^^^^^^^^^^^^^^^^^^^^^^^^^^^^
  File "/data/data/com.termux/files/usr/lib/python3.12/site-packages/httpx/_client.py", line 1694, in _send_handling_redirects
    response = await self._send_single_request(request)
               ^^^^^^^^^^^^^^^^^^^^^^^^^^^^^^^^^^^^^^^^
  File "/data/data/com.termux/files/usr/lib/python3.12/site-packages/httpx/_client.py", line 1730, in _send_single_request
    response = await transport.handle_async_request(request)
               ^^^^^^^^^^^^^^^^^^^^^^^^^^^^^^^^^^^^^^^^^^^^^
  File "/data/data/com.termux/files/usr/lib/python3.12/site-packages/httpx/_transports/default.py", line 393, in handle_async_request
    with map_httpcore_exceptions():
         ^^^^^^^^^^^^^^^^^^^^^^^^^
  File "/data/data/com.termux/files/usr/lib/python3.12/contextlib.py", line 158, in __exit__
    self.gen.throw(value)
  File "/data/data/com.termux/files/usr/lib/python3.12/site-packages/httpx/_transports/default.py", line 118, in map_httpcore_exceptions
    raise mapped_exc(message) from exc
httpx.ReadError

The above exception was the direct cause of the following exception:

Traceback (most recent call last):
  File "/data/data/com.termux/files/usr/lib/python3.12/site-packages/telegram/ext/_utils/networkloop.py", line 134, in network_retry_loop
    await do_action()
  File "/data/data/com.termux/files/usr/lib/python3.12/site-packages/telegram/ext/_utils/networkloop.py", line 127, in do_action
    action_cb_task.result()
  File "/data/data/com.termux/files/usr/lib/python3.12/site-packages/telegram/ext/_updater.py", line 340, in polling_action_cb
    updates = await self.bot.get_updates(
              ^^^^^^^^^^^^^^^^^^^^^^^^^^^
  File "/data/data/com.termux/files/usr/lib/python3.12/site-packages/telegram/ext/_extbot.py", line 676, in get_updates
    updates = await super().get_updates(
              ^^^^^^^^^^^^^^^^^^^^^^^^^^
  File "/data/data/com.termux/files/usr/lib/python3.12/site-packages/telegram/_bot.py", line 4780, in get_updates
    await self._post(
  File "/data/data/com.termux/files/usr/lib/python3.12/site-packages/telegram/_bot.py", line 703, in _post
    return await self._do_post(
           ^^^^^^^^^^^^^^^^^^^^
  File "/data/data/com.termux/files/usr/lib/python3.12/site-packages/telegram/ext/_extbot.py", line 372, in _do_post
    return await super()._do_post(
           ^^^^^^^^^^^^^^^^^^^^^^^
  File "/data/data/com.termux/files/usr/lib/python3.12/site-packages/telegram/_bot.py", line 732, in _do_post
    result = await request.post(
             ^^^^^^^^^^^^^^^^^^^
  File "/data/data/com.termux/files/usr/lib/python3.12/site-packages/telegram/request/_baserequest.py", line 198, in post
    result = await self._request_wrapper(
             ^^^^^^^^^^^^^^^^^^^^^^^^^^^^
  File "/data/data/com.termux/files/usr/lib/python3.12/site-packages/telegram/request/_baserequest.py", line 305, in _request_wrapper
    code, payload = await self.do_request(
                    ^^^^^^^^^^^^^^^^^^^^^^
  File "/data/data/com.termux/files/usr/lib/python3.12/site-packages/telegram/request/_httpxrequest.py", line 303, in do_request
    raise NetworkError(f"httpx.{err.__class__.__name__}: {err}") from err
telegram.error.NetworkError: httpx.ReadError: 
2026-09-14 13:25:12,842 | INFO     | httpx | HTTP Request: POST https://api.telegram.org/bot8895975047:AAE_eXzUepLl7GN1AkRT4Z-nakCYjCqDwrU/getUpdates "HTTP/1.1 200 OK"
2026-09-14 13:25:14,756 | INFO     | httpx | HTTP Request: POST https://api.telegram.org/bot8895975047:AAE_eXzUepLl7GN1AkRT4Z-nakCYjCqDwrU/answerCallbackQuery "HTTP/1.1 200 OK"
2026-09-14 13:25:15,319 | INFO     | httpx | HTTP Request: POST https://api.telegram.org/bot8895975047:AAE_eXzUepLl7GN1AkRT4Z-nakCYjCqDwrU/deleteMessage "HTTP/1.1 200 OK"
2026-09-14 13:25:15,354 | ERROR    | telegram.ext.Application | No error handlers are registered, logging exception.
Traceback (most recent call last):
  File "/data/data/com.termux/files/usr/lib/python3.12/site-packages/telegram/ext/_application.py", line 1315, in process_update
    await coroutine
  File "/data/data/com.termux/files/usr/lib/python3.12/site-packages/telegram/ext/_handlers/basehandler.py", line 159, in handle_update
    return await self.callback(update, context)
           ^^^^^^^^^^^^^^^^^^^^^^^^^^^^^^^^^^^^
  File "/storage/emulated/0/Python/BOT/bot1.py", line 685, in on_callback
    with open("banner.jpg", "rb") as photo_file:
         ^^^^^^^^^^^^^^^^^^^^^^^^
FileNotFoundError: [Errno 2] No such file or directory: 'banner.jpg'
2026-09-14 13:25:23,159 | INFO     | httpx | HTTP Request: POST https://api.telegram.org/bot8895975047:AAE_eXzUepLl7GN1AkRT4Z-nakCYjCqDwrU/getUpdates "HTTP/1.1 200 OK"
2026-09-14 13:25:39,631 | INFO     | httpx | HTTP Request: POST https://api.telegram.org/bot8895975047:AAE_eXzUepLl7GN1AkRT4Z-nakCYjCqDwrU/getUpdates "HTTP/1.1 200 OK"
2026-09-14 13:25:41,604 | INFO     | httpx | HTTP Request: POST https://api.telegram.org/bot8895975047:AAE_eXzUepLl7GN1AkRT4Z-nakCYjCqDwrU/getUpdates "HTTP/1.1 200 OK"
2026-09-14 13:25:42,455 | INFO     | httpx | HTTP Request: POST https://api.telegram.org/bot8895975047:AAE_eXzUepLl7GN1AkRT4Z-nakCYjCqDwrU/answerCallbackQuery "HTTP/1.1 200 OK"
2026-09-14 13:25:42,869 | INFO     | httpx | HTTP Request: POST https://api.telegram.org/bot8895975047:AAE_eXzUepLl7GN1AkRT4Z-nakCYjCqDwrU/deleteMessage "HTTP/1.1 200 OK"
2026-09-14 13:25:44,960 | INFO     | httpx | HTTP Request: POST https://api.telegram.org/bot8895975047:AAE_eXzUepLl7GN1AkRT4Z-nakCYjCqDwrU/sendPhoto "HTTP/1.1 200 OK"
2026-09-14 13:25:51,836 | INFO     | httpx | HTTP Request: POST https://api.telegram.org/bot8895975047:AAE_eXzUepLl7GN1AkRT4Z-nakCYjCqDwrU/getUpdates "HTTP/1.1 200 OK"
2026-09-14 13:26:02,038 | INFO     | httpx | HTTP Request: POST https://api.telegram.org/bot8895975047:AAE_eXzUepLl7GN1AkRT4Z-nakCYjCqDwrU/getUpdates "HTTP/1.1 200 OK"
2026-09-14 13:26:34,329 | INFO     | httpx | HTTP Request: POST https://api.telegram.org/bot8895975047:AAE_eXzUepLl7GN1AkRT4Z-nakCYjCqDwrU/getUpdates "HTTP/1.1 200 OK"
2026-09-14 13:26:35,145 | INFO     | httpx | HTTP Request: POST https://api.telegram.org/bot8895975047:AAE_eXzUepLl7GN1AkRT4Z-nakCYjCqDwrU/answerCallbackQuery "HTTP/1.1 200 OK"
2026-09-14 13:26:35,377 | INFO     | httpx | HTTP Request: POST https://api.telegram.org/bot8895975047:AAE_eXzUepLl7GN1AkRT4Z-nakCYjCqDwrU/editMessageText "HTTP/1.1 400 Bad Request"
2026-09-14 13:26:35,379 | ERROR    | telegram.ext.Application | No error handlers are registered, logging exception.
Traceback (most recent call last):
  File "/data/data/com.termux/files/usr/lib/python3.12/site-packages/telegram/ext/_application.py", line 1315, in process_update
    await coroutine
  File "/data/data/com.termux/files/usr/lib/python3.12/site-packages/telegram/ext/_handlers/basehandler.py", line 159, in handle_update
    return await self.callback(update, context)
           ^^^^^^^^^^^^^^^^^^^^^^^^^^^^^^^^^^^^
  File "/storage/emulated/0/Python/BOT/bot1.py", line 925, in on_callback
    await q.edit_message_text(
  File "/data/data/com.termux/files/usr/lib/python3.12/site-packages/telegram/_callbackquery.py", line 268, in edit_message_text
    return await self._get_message().edit_text(
           ^^^^^^^^^^^^^^^^^^^^^^^^^^^^^^^^^^^^
  File "/data/data/com.termux/files/usr/lib/python3.12/site-packages/telegram/_message.py", line 4142, in edit_text
    return await self.get_bot().edit_message_text(
           ^^^^^^^^^^^^^^^^^^^^^^^^^^^^^^^^^^^^^^^
  File "/data/data/com.termux/files/usr/lib/python3.12/site-packages/telegram/ext/_extbot.py", line 1735, in edit_message_text
    return await super().edit_message_text(
           ^^^^^^^^^^^^^^^^^^^^^^^^^^^^^^^^
  File "/data/data/com.termux/files/usr/lib/python3.12/site-packages/telegram/_bot.py", line 4463, in edit_message_text
    return await self._send_message(
           ^^^^^^^^^^^^^^^^^^^^^^^^^
  File "/data/data/com.termux/files/usr/lib/python3.12/site-packages/telegram/ext/_extbot.py", line 634, in _send_message
    result = await super()._send_message(
             ^^^^^^^^^^^^^^^^^^^^^^^^^^^^
  File "/data/data/com.termux/files/usr/lib/python3.12/site-packages/telegram/_bot.py", line 819, in _send_message
    result = await self._post(
             ^^^^^^^^^^^^^^^^^
  File "/data/data/com.termux/files/usr/lib/python3.12/site-packages/telegram/_bot.py", line 703, in _post
    return await self._do_post(
           ^^^^^^^^^^^^^^^^^^^^
  File "/data/data/com.termux/files/usr/lib/python3.12/site-packages/telegram/ext/_extbot.py", line 372, in _do_post
    return await super()._do_post(
           ^^^^^^^^^^^^^^^^^^^^^^^
  File "/data/data/com.termux/files/usr/lib/python3.12/site-packages/telegram/_bot.py", line 732, in _do_post
    result = await request.post(
             ^^^^^^^^^^^^^^^^^^^
  File "/data/data/com.termux/files/usr/lib/python3.12/site-packages/telegram/request/_baserequest.py", line 198, in post
    result = await self._request_wrapper(
             ^^^^^^^^^^^^^^^^^^^^^^^^^^^^
  File "/data/data/com.termux/files/usr/lib/python3.12/site-packages/telegram/request/_baserequest.py", line 375, in _request_wrapper
    raise exception
telegram.error.BadRequest: There is no text in the message to edit
2026-09-14 13:26:43,196 | INFO     | httpx | HTTP Request: POST https://api.telegram.org/bot8895975047:AAE_eXzUepLl7GN1AkRT4Z-nakCYjCqDwrU/getUpdates "HTTP/1.1 200 OK"
2026-09-14 13:26:43,688 | INFO     | httpx | HTTP Request: POST https://api.telegram.org/bot8895975047:AAE_eXzUepLl7GN1AkRT4Z-nakCYjCqDwrU/getUpdates "HTTP/1.1 200 OK"
2026-09-14 13:26:45,053 | INFO     | httpx | HTTP Request: POST https://api.telegram.org/bot8895975047:AAE_eXzUepLl7GN1AkRT4Z-nakCYjCqDwrU/answerCallbackQuery "HTTP/1.1 200 OK"
2026-09-14 13:26:45,615 | INFO     | httpx | HTTP Request: POST https://api.telegram.org/bot8895975047:AAE_eXzUepLl7GN1AkRT4Z-nakCYjCqDwrU/editMessageText "HTTP/1.1 400 Bad Request"
2026-09-14 13:26:45,616 | ERROR    | telegram.ext.Application | No error handlers are registered, logging exception.
Traceback (most recent call last):
  File "/data/data/com.termux/files/usr/lib/python3.12/site-packages/telegram/ext/_application.py", line 1315, in process_update
    await coroutine
  File "/data/data/com.termux/files/usr/lib/python3.12/site-packages/telegram/ext/_handlers/basehandler.py", line 159, in handle_update
    return await self.callback(update, context)
           ^^^^^^^^^^^^^^^^^^^^^^^^^^^^^^^^^^^^
  File "/storage/emulated/0/Python/BOT/bot1.py", line 925, in on_callback
    await q.edit_message_text(
  File "/data/data/com.termux/files/usr/lib/python3.12/site-packages/telegram/_callbackquery.py", line 268, in edit_message_text
    return await self._get_message().edit_text(
           ^^^^^^^^^^^^^^^^^^^^^^^^^^^^^^^^^^^^
  File "/data/data/com.termux/files/usr/lib/python3.12/site-packages/telegram/_message.py", line 4142, in edit_text
    return await self.get_bot().edit_message_text(
           ^^^^^^^^^^^^^^^^^^^^^^^^^^^^^^^^^^^^^^^
  File "/data/data/com.termux/files/usr/lib/python3.12/site-packages/telegram/ext/_extbot.py", line 1735, in edit_message_text
    return await super().edit_message_text(
           ^^^^^^^^^^^^^^^^^^^^^^^^^^^^^^^^
  File "/data/data/com.termux/files/usr/lib/python3.12/site-packages/telegram/_bot.py", line 4463, in edit_message_text
    return await self._send_message(
           ^^^^^^^^^^^^^^^^^^^^^^^^^
  File "/data/data/com.termux/files/usr/lib/python3.12/site-packages/telegram/ext/_extbot.py", line 634, in _send_message
    result = await super()._send_message(
             ^^^^^^^^^^^^^^^^^^^^^^^^^^^^
  File "/data/data/com.termux/files/usr/lib/python3.12/site-packages/telegram/_bot.py", line 819, in _send_message
    result = await self._post(
             ^^^^^^^^^^^^^^^^^
  File "/data/data/com.termux/files/usr/lib/python3.12/site-packages/telegram/_bot.py", line 703, in _post
    return await self._do_post(
           ^^^^^^^^^^^^^^^^^^^^
  File "/data/data/com.termux/files/usr/lib/python3.12/site-packages/telegram/ext/_extbot.py", line 372, in _do_post
    return await super()._do_post(
           ^^^^^^^^^^^^^^^^^^^^^^^
  File "/data/data/com.termux/files/usr/lib/python3.12/site-packages/telegram/_bot.py", line 732, in _do_post
    result = await request.post(
             ^^^^^^^^^^^^^^^^^^^
  File "/data/data/com.termux/files/usr/lib/python3.12/site-packages/telegram/request/_baserequest.py", line 198, in post
    result = await self._request_wrapper(
             ^^^^^^^^^^^^^^^^^^^^^^^^^^^^
  File "/data/data/com.termux/files/usr/lib/python3.12/site-packages/telegram/request/_baserequest.py", line 375, in _request_wrapper
    raise exception
telegram.error.BadRequest: There is no text in the message to edit
2026-09-14 13:26:46,444 | INFO     | httpx | HTTP Request: POST https://api.telegram.org/bot8895975047:AAE_eXzUepLl7GN1AkRT4Z-nakCYjCqDwrU/answerCallbackQuery "HTTP/1.1 200 OK"
2026-09-14 13:26:46,956 | INFO     | httpx | HTTP Request: POST https://api.telegram.org/bot8895975047:AAE_eXzUepLl7GN1AkRT4Z-nakCYjCqDwrU/editMessageText "HTTP/1.1 400 Bad Request"
2026-09-14 13:26:46,959 | ERROR    | telegram.ext.Application | No error handlers are registered, logging exception.
Traceback (most recent call last):
  File "/data/data/com.termux/files/usr/lib/python3.12/site-packages/telegram/ext/_application.py", line 1315, in process_update
    await coroutine
  File "/data/data/com.termux/files/usr/lib/python3.12/site-packages/telegram/ext/_handlers/basehandler.py", line 159, in handle_update
    return await self.callback(update, context)
           ^^^^^^^^^^^^^^^^^^^^^^^^^^^^^^^^^^^^
  File "/storage/emulated/0/Python/BOT/bot1.py", line 925, in on_callback
    await q.edit_message_text(
  File "/data/data/com.termux/files/usr/lib/python3.12/site-packages/telegram/_callbackquery.py", line 268, in edit_message_text
    return await self._get_message().edit_text(
           ^^^^^^^^^^^^^^^^^^^^^^^^^^^^^^^^^^^^
  File "/data/data/com.termux/files/usr/lib/python3.12/site-packages/telegram/_message.py", line 4142, in edit_text
    return await self.get_bot().edit_message_text(
           ^^^^^^^^^^^^^^^^^^^^^^^^^^^^^^^^^^^^^^^
  File "/data/data/com.termux/files/usr/lib/python3.12/site-packages/telegram/ext/_extbot.py", line 1735, in edit_message_text
    return await super().edit_message_text(
           ^^^^^^^^^^^^^^^^^^^^^^^^^^^^^^^^
  File "/data/data/com.termux/files/usr/lib/python3.12/site-packages/telegram/_bot.py", line 4463, in edit_message_text
    return await self._send_message(
           ^^^^^^^^^^^^^^^^^^^^^^^^^
  File "/data/data/com.termux/files/usr/lib/python3.12/site-packages/telegram/ext/_extbot.py", line 634, in _send_message
    result = await super()._send_message(
             ^^^^^^^^^^^^^^^^^^^^^^^^^^^^
  File "/data/data/com.termux/files/usr/lib/python3.12/site-packages/telegram/_bot.py", line 819, in _send_message
    result = await self._post(
             ^^^^^^^^^^^^^^^^^
  File "/data/data/com.termux/files/usr/lib/python3.12/site-packages/telegram/_bot.py", line 703, in _post
    return await self._do_post(
           ^^^^^^^^^^^^^^^^^^^^
  File "/data/data/com.termux/files/usr/lib/python3.12/site-packages/telegram/ext/_extbot.py", line 372, in _do_post
    return await super()._do_post(
           ^^^^^^^^^^^^^^^^^^^^^^^
  File "/data/data/com.termux/files/usr/lib/python3.12/site-packages/telegram/_bot.py", line 732, in _do_post
    result = await request.post(
             ^^^^^^^^^^^^^^^^^^^
  File "/data/data/com.termux/files/usr/lib/python3.12/site-packages/telegram/request/_baserequest.py", line 198, in post
    result = await self._request_wrapper(
             ^^^^^^^^^^^^^^^^^^^^^^^^^^^^
  File "/data/data/com.termux/files/usr/lib/python3.12/site-packages/telegram/request/_baserequest.py", line 375, in _request_wrapper
    raise exception
telegram.error.BadRequest: There is no text in the message to edit
2026-09-14 13:26:55,756 | INFO     | __main__ | Bot online.
2026-09-14 13:26:57,168 | INFO     | httpx | HTTP Request: POST https://api.telegram.org/bot8895975047:AAE_eXzUepLl7GN1AkRT4Z-nakCYjCqDwrU/getMe "HTTP/1.1 200 OK"
2026-09-14 13:26:57,171 | INFO     | apscheduler.scheduler | Scheduler started
2026-09-14 13:26:57,172 | INFO     | telegram.ext.Application | Application started
2026-09-14 13:26:57,684 | INFO     | httpx | HTTP Request: POST https://api.telegram.org/bot8895975047:AAE_eXzUepLl7GN1AkRT4Z-nakCYjCqDwrU/deleteWebhook "HTTP/1.1 200 OK"
2026-09-14 13:26:59,654 | INFO     | httpx | HTTP Request: POST https://api.telegram.org/bot8895975047:AAE_eXzUepLl7GN1AkRT4Z-nakCYjCqDwrU/getUpdates "HTTP/1.1 200 OK"
2026-09-14 13:27:00,360 | INFO     | httpx | HTTP Request: POST https://api.telegram.org/bot8895975047:AAE_eXzUepLl7GN1AkRT4Z-nakCYjCqDwrU/answerCallbackQuery "HTTP/1.1 200 OK"
2026-09-14 13:27:00,879 | INFO     | httpx | HTTP Request: POST https://api.telegram.org/bot8895975047:AAE_eXzUepLl7GN1AkRT4Z-nakCYjCqDwrU/editMessageText "HTTP/1.1 400 Bad Request"
2026-09-14 13:27:00,881 | ERROR    | telegram.ext.Application | No error handlers are registered, logging exception.
Traceback (most recent call last):
  File "/data/data/com.termux/files/usr/lib/python3.12/site-packages/telegram/ext/_application.py", line 1315, in process_update
    await coroutine
  File "/data/data/com.termux/files/usr/lib/python3.12/site-packages/telegram/ext/_handlers/basehandler.py", line 159, in handle_update
    return await self.callback(update, context)
           ^^^^^^^^^^^^^^^^^^^^^^^^^^^^^^^^^^^^
  File "/storage/emulated/0/Python/BOT/bot1.py", line 925, in on_callback
    await q.edit_message_text(
  File "/data/data/com.termux/files/usr/lib/python3.12/site-packages/telegram/_callbackquery.py", line 268, in edit_message_text
    return await self._get_message().edit_text(
           ^^^^^^^^^^^^^^^^^^^^^^^^^^^^^^^^^^^^
  File "/data/data/com.termux/files/usr/lib/python3.12/site-packages/telegram/_message.py", line 4142, in edit_text
    return await self.get_bot().edit_message_text(
           ^^^^^^^^^^^^^^^^^^^^^^^^^^^^^^^^^^^^^^^
  File "/data/data/com.termux/files/usr/lib/python3.12/site-packages/telegram/ext/_extbot.py", line 1735, in edit_message_text
    return await super().edit_message_text(
           ^^^^^^^^^^^^^^^^^^^^^^^^^^^^^^^^
  File "/data/data/com.termux/files/usr/lib/python3.12/site-packages/telegram/_bot.py", line 4463, in edit_message_text
    return await self._send_message(
           ^^^^^^^^^^^^^^^^^^^^^^^^^
  File "/data/data/com.termux/files/usr/lib/python3.12/site-packages/telegram/ext/_extbot.py", line 634, in _send_message
    result = await super()._send_message(
             ^^^^^^^^^^^^^^^^^^^^^^^^^^^^
  File "/data/data/com.termux/files/usr/lib/python3.12/site-packages/telegram/_bot.py", line 819, in _send_message
    result = await self._post(
             ^^^^^^^^^^^^^^^^^
  File "/data/data/com.termux/files/usr/lib/python3.12/site-packages/telegram/_bot.py", line 703, in _post
    return await self._do_post(
           ^^^^^^^^^^^^^^^^^^^^
  File "/data/data/com.termux/files/usr/lib/python3.12/site-packages/telegram/ext/_extbot.py", line 372, in _do_post
    return await super()._do_post(
           ^^^^^^^^^^^^^^^^^^^^^^^
  File "/data/data/com.termux/files/usr/lib/python3.12/site-packages/telegram/_bot.py", line 732, in _do_post
    result = await request.post(
             ^^^^^^^^^^^^^^^^^^^
  File "/data/data/com.termux/files/usr/lib/python3.12/site-packages/telegram/request/_baserequest.py", line 198, in post
    result = await self._request_wrapper(
             ^^^^^^^^^^^^^^^^^^^^^^^^^^^^
  File "/data/data/com.termux/files/usr/lib/python3.12/site-packages/telegram/request/_baserequest.py", line 375, in _request_wrapper
    raise exception
telegram.error.BadRequest: There is no text in the message to edit
2026-09-14 13:27:09,964 | INFO     | httpx | HTTP Request: POST https://api.telegram.org/bot8895975047:AAE_eXzUepLl7GN1AkRT4Z-nakCYjCqDwrU/getUpdates "HTTP/1.1 200 OK"
2026-09-14 13:27:18,142 | INFO     | httpx | HTTP Request: POST https://api.telegram.org/bot8895975047:AAE_eXzUepLl7GN1AkRT4Z-nakCYjCqDwrU/getUpdates "HTTP/1.1 200 OK"
2026-09-14 13:27:19,006 | INFO     | httpx | HTTP Request: POST https://api.telegram.org/bot8895975047:AAE_eXzUepLl7GN1AkRT4Z-nakCYjCqDwrU/deleteMessage "HTTP/1.1 200 OK"
2026-09-14 13:27:19,443 | INFO     | httpx | HTTP Request: POST https://api.telegram.org/bot8895975047:AAE_eXzUepLl7GN1AkRT4Z-nakCYjCqDwrU/sendMessage "HTTP/1.1 200 OK"
2026-09-14 13:27:21,332 | INFO     | httpx | HTTP Request: POST https://api.telegram.org/bot8895975047:AAE_eXzUepLl7GN1AkRT4Z-nakCYjCqDwrU/getUpdates "HTTP/1.1 200 OK"
2026-09-14 13:27:21,724 | INFO     | httpx | HTTP Request: POST https://api.telegram.org/bot8895975047:AAE_eXzUepLl7GN1AkRT4Z-nakCYjCqDwrU/answerCallbackQuery "HTTP/1.1 200 OK"
2026-09-14 13:27:22,152 | INFO     | httpx | HTTP Request: POST https://api.telegram.org/bot8895975047:AAE_eXzUepLl7GN1AkRT4Z-nakCYjCqDwrU/editMessageText "HTTP/1.1 200 OK"
2026-09-14 13:27:28,397 | INFO     | httpx | HTTP Request: POST https://api.telegram.org/bot8895975047:AAE_eXzUepLl7GN1AkRT4Z-nakCYjCqDwrU/getUpdates "HTTP/1.1 200 OK"
2026-09-14 13:27:29,202 | INFO     | httpx | HTTP Request: POST https://api.telegram.org/bot8895975047:AAE_eXzUepLl7GN1AkRT4Z-nakCYjCqDwrU/answerCallbackQuery "HTTP/1.1 200 OK"
2026-09-14 13:27:29,629 | INFO     | httpx | HTTP Request: POST https://api.telegram.org/bot8895975047:AAE_eXzUepLl7GN1AkRT4Z-nakCYjCqDwrU/editMessageText "HTTP/1.1 200 OK"
2026-09-14 13:27:31,060 | INFO     | httpx | HTTP Request: POST https://api.telegram.org/bot8895975047:AAE_eXzUepLl7GN1AkRT4Z-nakCYjCqDwrU/getUpdates "HTTP/1.1 200 OK"
2026-09-14 13:27:31,448 | INFO     | httpx | HTTP Request: POST https://api.telegram.org/bot8895975047:AAE_eXzUepLl7GN1AkRT4Z-nakCYjCqDwrU/answerCallbackQuery "HTTP/1.1 200 OK"
2026-09-14 13:27:31,845 | INFO     | httpx | HTTP Request: POST https://api.telegram.org/bot8895975047:AAE_eXzUepLl7GN1AkRT4Z-nakCYjCqDwrU/editMessageText "HTTP/1.1 200 OK"
2026-09-14 13:27:33,619 | INFO     | httpx | HTTP Request: POST https://api.telegram.org/bot8895975047:AAE_eXzUepLl7GN1AkRT4Z-nakCYjCqDwrU/getUpdates "HTTP/1.1 200 OK"
2026-09-14 13:27:34,016 | INFO     | httpx | HTTP Request: POST https://api.telegram.org/bot8895975047:AAE_eXzUepLl7GN1AkRT4Z-nakCYjCqDwrU/sendMessage "HTTP/1.1 200 OK"
2026-09-14 13:27:39,325 | INFO     | httpx | HTTP Request: POST https://api.telegram.org/bot8895975047:AAE_eXzUepLl7GN1AkRT4Z-nakCYjCqDwrU/getUpdates "HTTP/1.1 200 OK"
2026-09-14 13:27:45,308 | INFO     | httpx | HTTP Request: POST https://api.telegram.org/bot8895975047:AAE_eXzUepLl7GN1AkRT4Z-nakCYjCqDwrU/deleteMessage "HTTP/1.1 200 OK"
2026-09-14 13:27:45,763 | INFO     | httpx | HTTP Request: POST https://api.telegram.org/bot8895975047:AAE_eXzUepLl7GN1AkRT4Z-nakCYjCqDwrU/sendMessage "HTTP/1.1 200 OK"
2026-09-14 13:27:47,950 | INFO     | httpx | HTTP Request: POST https://api.telegram.org/bot8895975047:AAE_eXzUepLl7GN1AkRT4Z-nakCYjCqDwrU/getUpdates "HTTP/1.1 200 OK"
2026-09-14 13:27:48,333 | INFO     | httpx | HTTP Request: POST https://api.telegram.org/bot8895975047:AAE_eXzUepLl7GN1AkRT4Z-nakCYjCqDwrU/answerCallbackQuery "HTTP/1.1 200 OK"
2026-09-14 13:27:58,428 | INFO     | httpx | HTTP Request: POST https://api.telegram.org/bot8895975047:AAE_eXzUepLl7GN1AkRT4Z-nakCYjCqDwrU/getUpdates "HTTP/1.1 200 OK"
2026-09-14 13:27:59,637 | INFO     | httpx | HTTP Request: POST https://api.telegram.org/bot8895975047:AAE_eXzUepLl7GN1AkRT4Z-nakCYjCqDwrU/getUpdates "HTTP/1.1 200 OK"
2026-09-14 13:28:01,868 | INFO     | httpx | HTTP Request: POST https://api.telegram.org/bot8895975047:AAE_eXzUepLl7GN1AkRT4Z-nakCYjCqDwrU/answerCallbackQuery "HTTP/1.1 200 OK"
2026-09-14 13:28:06,394 | INFO     | httpx | HTTP Request: POST https://api.telegram.org/bot8895975047:AAE_eXzUepLl7GN1AkRT4Z-nakCYjCqDwrU/getUpdates "HTTP/1.1 200 OK"
2026-09-14 13:28:06,640 | INFO     | httpx | HTTP Request: POST https://api.telegram.org/bot8895975047:AAE_eXzUepLl7GN1AkRT4Z-nakCYjCqDwrU/getUpdates "HTTP/1.1 200 OK"
2026-09-14 13:28:06,809 | INFO     | httpx | HTTP Request: POST https://api.telegram.org/bot8895975047:AAE_eXzUepLl7GN1AkRT4Z-nakCYjCqDwrU/answerCallbackQuery "HTTP/1.1 200 OK"
2026-09-14 13:28:07,220 | INFO     | httpx | HTTP Request: POST https://api.telegram.org/bot8895975047:AAE_eXzUepLl7GN1AkRT4Z-nakCYjCqDwrU/editMessageText "HTTP/1.1 200 OK"
2026-09-14 13:28:07,601 | INFO     | httpx | HTTP Request: POST https://api.telegram.org/bot8895975047:AAE_eXzUepLl7GN1AkRT4Z-nakCYjCqDwrU/answerCallbackQuery "HTTP/1.1 200 OK"
2026-09-14 13:28:08,137 | INFO     | httpx | HTTP Request: POST https://api.telegram.org/bot8895975047:AAE_eXzUepLl7GN1AkRT4Z-nakCYjCqDwrU/editMessageText "HTTP/1.1 400 Bad Request"
2026-09-14 13:28:08,140 | ERROR    | telegram.ext.Application | No error handlers are registered, logging exception.
Traceback (most recent call last):
  File "/data/data/com.termux/files/usr/lib/python3.12/site-packages/telegram/ext/_application.py", line 1315, in process_update
    await coroutine
  File "/data/data/com.termux/files/usr/lib/python3.12/site-packages/telegram/ext/_handlers/basehandler.py", line 159, in handle_update
    return await self.callback(update, context)
           ^^^^^^^^^^^^^^^^^^^^^^^^^^^^^^^^^^^^
  File "/storage/emulated/0/Python/BOT/bot1.py", line 839, in on_callback
    await q.edit_message_text(
  File "/data/data/com.termux/files/usr/lib/python3.12/site-packages/telegram/_callbackquery.py", line 268, in edit_message_text
    return await self._get_message().edit_text(
           ^^^^^^^^^^^^^^^^^^^^^^^^^^^^^^^^^^^^
  File "/data/data/com.termux/files/usr/lib/python3.12/site-packages/telegram/_message.py", line 4142, in edit_text
    return await self.get_bot().edit_message_text(
           ^^^^^^^^^^^^^^^^^^^^^^^^^^^^^^^^^^^^^^^
  File "/data/data/com.termux/files/usr/lib/python3.12/site-packages/telegram/ext/_extbot.py", line 1735, in edit_message_text
    return await super().edit_message_text(
           ^^^^^^^^^^^^^^^^^^^^^^^^^^^^^^^^
  File "/data/data/com.termux/files/usr/lib/python3.12/site-packages/telegram/_bot.py", line 4463, in edit_message_text
    return await self._send_message(
           ^^^^^^^^^^^^^^^^^^^^^^^^^
  File "/data/data/com.termux/files/usr/lib/python3.12/site-packages/telegram/ext/_extbot.py", line 634, in _send_message
    result = await super()._send_message(
             ^^^^^^^^^^^^^^^^^^^^^^^^^^^^
  File "/data/data/com.termux/files/usr/lib/python3.12/site-packages/telegram/_bot.py", line 819, in _send_message
    result = await self._post(
             ^^^^^^^^^^^^^^^^^
  File "/data/data/com.termux/files/usr/lib/python3.12/site-packages/telegram/_bot.py", line 703, in _post
    return await self._do_post(
           ^^^^^^^^^^^^^^^^^^^^
  File "/data/data/com.termux/files/usr/lib/python3.12/site-packages/telegram/ext/_extbot.py", line 372, in _do_post
    return await super()._do_post(
           ^^^^^^^^^^^^^^^^^^^^^^^
  File "/data/data/com.termux/files/usr/lib/python3.12/site-packages/telegram/_bot.py", line 732, in _do_post
    result = await request.post(
             ^^^^^^^^^^^^^^^^^^^
  File "/data/data/com.termux/files/usr/lib/python3.12/site-packages/telegram/request/_baserequest.py", line 198, in post
    result = await self._request_wrapper(
             ^^^^^^^^^^^^^^^^^^^^^^^^^^^^
  File "/data/data/com.termux/files/usr/lib/python3.12/site-packages/telegram/request/_baserequest.py", line 375, in _request_wrapper
    raise exception
telegram.error.BadRequest: Message is not modified: specified new message content and reply markup are exactly the same as a current content and reply markup of the message
2026-09-14 13:28:09,394 | INFO     | httpx | HTTP Request: POST https://api.telegram.org/bot8895975047:AAE_eXzUepLl7GN1AkRT4Z-nakCYjCqDwrU/getUpdates "HTTP/1.1 200 OK"
2026-09-14 13:28:09,794 | INFO     | httpx | HTTP Request: POST https://api.telegram.org/bot8895975047:AAE_eXzUepLl7GN1AkRT4Z-nakCYjCqDwrU/answerCallbackQuery "HTTP/1.1 200 OK"
2026-09-14 13:28:10,380 | INFO     | httpx | HTTP Request: POST https://api.telegram.org/bot8895975047:AAE_eXzUepLl7GN1AkRT4Z-nakCYjCqDwrU/editMessageText "HTTP/1.1 200 OK"
2026-09-14 13:28:12,269 | INFO     | httpx | HTTP Request: POST https://api.telegram.org/bot8895975047:AAE_eXzUepLl7GN1AkRT4Z-nakCYjCqDwrU/getUpdates "HTTP/1.1 200 OK"
2026-09-14 13:28:12,648 | INFO     | httpx | HTTP Request: POST https://api.telegram.org/bot8895975047:AAE_eXzUepLl7GN1AkRT4Z-nakCYjCqDwrU/answerCallbackQuery "HTTP/1.1 200 OK"
2026-09-14 13:28:13,146 | INFO     | httpx | HTTP Request: POST https://api.telegram.org/bot8895975047:AAE_eXzUepLl7GN1AkRT4Z-nakCYjCqDwrU/deleteMessage "HTTP/1.1 200 OK"
2026-09-14 13:28:13,590 | INFO     | httpx | HTTP Request: POST https://api.telegram.org/bot8895975047:AAE_eXzUepLl7GN1AkRT4Z-nakCYjCqDwrU/sendMessage "HTTP/1.1 200 OK"
2026-09-14 13:28:14,911 | INFO     | httpx | HTTP Request: POST https://api.telegram.org/bot8895975047:AAE_eXzUepLl7GN1AkRT4Z-nakCYjCqDwrU/getUpdates "HTTP/1.1 200 OK"
2026-09-14 13:28:15,306 | INFO     | httpx | HTTP Request: POST https://api.telegram.org/bot8895975047:AAE_eXzUepLl7GN1AkRT4Z-nakCYjCqDwrU/answerCallbackQuery "HTTP/1.1 200 OK"
2026-09-14 13:28:15,726 | INFO     | httpx | HTTP Request: POST https://api.telegram.org/bot8895975047:AAE_eXzUepLl7GN1AkRT4Z-nakCYjCqDwrU/editMessageText "HTTP/1.1 200 OK"
2026-09-14 13:29:31,539 | INFO     | httpx | HTTP Request: POST https://api.telegram.org/bot8895975047:AAE_eXzUepLl7GN1AkRT4Z-nakCYjCqDwrU/getUpdates "HTTP/1.1 200 OK"
2026-09-14 13:29:42,557 | INFO     | httpx | HTTP Request: POST https://api.telegram.org/bot8895975047:AAE_eXzUepLl7GN1AkRT4Z-nakCYjCqDwrU/getUpdates "HTTP/1.1 200 OK"
2026-09-14 13:29:48,403 | INFO     | httpx | HTTP Request: POST https://api.telegram.org/bot8895975047:AAE_eXzUepLl7GN1AkRT4Z-nakCYjCqDwrU/getUpdates "HTTP/1.1 200 OK"
2026-09-14 13:29:50,194 | INFO     | httpx | HTTP Request: POST https://api.telegram.org/bot8895975047:AAE_eXzUepLl7GN1AkRT4Z-nakCYjCqDwrU/getUpdates "HTTP/1.1 200 OK"
2026-09-14 13:29:51,155 | INFO     | httpx | HTTP Request: POST https://api.telegram.org/bot8895975047:AAE_eXzUepLl7GN1AkRT4Z-nakCYjCqDwrU/answerCallbackQuery "HTTP/1.1 200 OK"
2026-09-14 13:29:51,597 | INFO     | httpx | HTTP Request: POST https://api.telegram.org/bot8895975047:AAE_eXzUepLl7GN1AkRT4Z-nakCYjCqDwrU/answerCallbackQuery "HTTP/1.1 200 OK"
2026-09-14 13:29:54,018 | INFO     | httpx | HTTP Request: POST https://api.telegram.org/bot8895975047:AAE_eXzUepLl7GN1AkRT4Z-nakCYjCqDwrU/getUpdates "HTTP/1.1 200 OK"
2026-09-14 13:29:54,678 | INFO     | httpx | HTTP Request: POST https://api.telegram.org/bot8895975047:AAE_eXzUepLl7GN1AkRT4Z-nakCYjCqDwrU/answerCallbackQuery "HTTP/1.1 200 OK"
2026-09-14 13:29:54,680 | INFO     | httpx | HTTP Request: POST https://api.telegram.org/bot8895975047:AAE_eXzUepLl7GN1AkRT4Z-nakCYjCqDwrU/getUpdates "HTTP/1.1 200 OK"
2026-09-14 13:29:55,242 | INFO     | httpx | HTTP Request: POST https://api.telegram.org/bot8895975047:AAE_eXzUepLl7GN1AkRT4Z-nakCYjCqDwrU/answerCallbackQuery "HTTP/1.1 200 OK"
2026-09-14 13:30:54,119 | INFO     | httpx | HTTP Request: POST https://api.telegram.org/bot8895975047:AAE_eXzUepLl7GN1AkRT4Z-nakCYjCqDwrU/getUpdates "HTTP/1.1 200 OK"
2026-09-14 13:30:54,122 | INFO     | telegram.ext.Application | Application is stopping. This might take a moment.
2026-09-14 13:30:54,124 | INFO     | apscheduler.scheduler | Scheduler has been shut down
2026-09-14 13:30:54,135 | INFO     | telegram.ext.Application | Application.stop() complete
2026-09-14 13:31:01,931 | INFO     | __main__ | Bot online.
2026-09-14 13:31:02,924 | INFO     | httpx | HTTP Request: POST https://api.telegram.org/bot8895975047:AAE_eXzUepLl7GN1AkRT4Z-nakCYjCqDwrU/getMe "HTTP/1.1 200 OK"
2026-09-14 13:31:02,929 | INFO     | apscheduler.scheduler | Scheduler started
2026-09-14 13:31:02,930 | INFO     | telegram.ext.Application | Application started
2026-09-14 13:31:03,141 | INFO     | httpx | HTTP Request: POST https://api.telegram.org/bot8895975047:AAE_eXzUepLl7GN1AkRT4Z-nakCYjCqDwrU/deleteWebhook "HTTP/1.1 200 OK"
2026-09-14 13:31:05,421 | INFO     | httpx | HTTP Request: POST https://api.telegram.org/bot8895975047:AAE_eXzUepLl7GN1AkRT4Z-nakCYjCqDwrU/getUpdates "HTTP/1.1 200 OK"
2026-09-14 13:31:05,810 | INFO     | httpx | HTTP Request: POST https://api.telegram.org/bot8895975047:AAE_eXzUepLl7GN1AkRT4Z-nakCYjCqDwrU/answerCallbackQuery "HTTP/1.1 200 OK"
2026-09-14 13:31:06,279 | INFO     | httpx | HTTP Request: POST https://api.telegram.org/bot8895975047:AAE_eXzUepLl7GN1AkRT4Z-nakCYjCqDwrU/deleteMessage "HTTP/1.1 200 OK"
2026-09-14 13:31:06,759 | INFO     | httpx | HTTP Request: POST https://api.telegram.org/bot8895975047:AAE_eXzUepLl7GN1AkRT4Z-nakCYjCqDwrU/sendMessage "HTTP/1.1 200 OK"
2026-09-14 13:31:15,830 | INFO     | httpx | HTTP Request: POST https://api.telegram.org/bot8895975047:AAE_eXzUepLl7GN1AkRT4Z-nakCYjCqDwrU/getUpdates "HTTP/1.1 200 OK"
2026-09-14 13:31:17,743 | INFO     | httpx | HTTP Request: POST https://api.telegram.org/bot8895975047:AAE_eXzUepLl7GN1AkRT4Z-nakCYjCqDwrU/getUpdates "HTTP/1.1 200 OK"
2026-09-14 13:31:18,217 | INFO     | httpx | HTTP Request: POST https://api.telegram.org/bot8895975047:AAE_eXzUepLl7GN1AkRT4Z-nakCYjCqDwrU/getUpdates "HTTP/1.1 200 OK"
2026-09-14 13:31:20,094 | INFO     | httpx | HTTP Request: POST https://api.telegram.org/bot8895975047:AAE_eXzUepLl7GN1AkRT4Z-nakCYjCqDwrU/answerCallbackQuery "HTTP/1.1 200 OK"
2026-09-14 13:31:21,561 | INFO     | httpx | HTTP Request: POST https://api.telegram.org/bot8895975047:AAE_eXzUepLl7GN1AkRT4Z-nakCYjCqDwrU/editMessageText "HTTP/1.1 200 OK"
2026-09-14 13:31:22,617 | INFO     | httpx | HTTP Request: POST https://api.telegram.org/bot8895975047:AAE_eXzUepLl7GN1AkRT4Z-nakCYjCqDwrU/answerCallbackQuery "HTTP/1.1 200 OK"
2026-09-14 13:31:22,621 | INFO     | httpx | HTTP Request: POST https://api.telegram.org/bot8895975047:AAE_eXzUepLl7GN1AkRT4Z-nakCYjCqDwrU/getUpdates "HTTP/1.1 200 OK"
2026-09-14 13:31:23,433 | INFO     | httpx | HTTP Request: POST https://api.telegram.org/bot8895975047:AAE_eXzUepLl7GN1AkRT4Z-nakCYjCqDwrU/editMessageText "HTTP/1.1 400 Bad Request"
2026-09-14 13:31:23,434 | ERROR    | telegram.ext.Application | No error handlers are registered, logging exception.
Traceback (most recent call last):
  File "/data/data/com.termux/files/usr/lib/python3.12/site-packages/telegram/ext/_application.py", line 1315, in process_update
    await coroutine
  File "/data/data/com.termux/files/usr/lib/python3.12/site-packages/telegram/ext/_handlers/basehandler.py", line 159, in handle_update
    return await self.callback(update, context)
           ^^^^^^^^^^^^^^^^^^^^^^^^^^^^^^^^^^^^
  File "/storage/emulated/0/Python/BOT/bot1.py", line 1006, in on_callback
    await q.edit_message_text(
  File "/data/data/com.termux/files/usr/lib/python3.12/site-packages/telegram/_callbackquery.py", line 268, in edit_message_text
    return await self._get_message().edit_text(
           ^^^^^^^^^^^^^^^^^^^^^^^^^^^^^^^^^^^^
  File "/data/data/com.termux/files/usr/lib/python3.12/site-packages/telegram/_message.py", line 4142, in edit_text
    return await self.get_bot().edit_message_text(
           ^^^^^^^^^^^^^^^^^^^^^^^^^^^^^^^^^^^^^^^
  File "/data/data/com.termux/files/usr/lib/python3.12/site-packages/telegram/ext/_extbot.py", line 1735, in edit_message_text
    return await super().edit_message_text(
           ^^^^^^^^^^^^^^^^^^^^^^^^^^^^^^^^
  File "/data/data/com.termux/files/usr/lib/python3.12/site-packages/telegram/_bot.py", line 4463, in edit_message_text
    return await self._send_message(
           ^^^^^^^^^^^^^^^^^^^^^^^^^
  File "/data/data/com.termux/files/usr/lib/python3.12/site-packages/telegram/ext/_extbot.py", line 634, in _send_message
    result = await super()._send_message(
             ^^^^^^^^^^^^^^^^^^^^^^^^^^^^
  File "/data/data/com.termux/files/usr/lib/python3.12/site-packages/telegram/_bot.py", line 819, in _send_message
    result = await self._post(
             ^^^^^^^^^^^^^^^^^
  File "/data/data/com.termux/files/usr/lib/python3.12/site-packages/telegram/_bot.py", line 703, in _post
    return await self._do_post(
           ^^^^^^^^^^^^^^^^^^^^
  File "/data/data/com.termux/files/usr/lib/python3.12/site-packages/telegram/ext/_extbot.py", line 372, in _do_post
    return await super()._do_post(
           ^^^^^^^^^^^^^^^^^^^^^^^
  File "/data/data/com.termux/files/usr/lib/python3.12/site-packages/telegram/_bot.py", line 732, in _do_post
    result = await request.post(
             ^^^^^^^^^^^^^^^^^^^
  File "/data/data/com.termux/files/usr/lib/python3.12/site-packages/telegram/request/_baserequest.py", line 198, in post
    result = await self._request_wrapper(
             ^^^^^^^^^^^^^^^^^^^^^^^^^^^^
  File "/data/data/com.termux/files/usr/lib/python3.12/site-packages/telegram/request/_baserequest.py", line 375, in _request_wrapper
    raise exception
telegram.error.BadRequest: Message is not modified: specified new message content and reply markup are exactly the same as a current content and reply markup of the message
2026-09-14 13:31:24,180 | INFO     | httpx | HTTP Request: POST https://api.telegram.org/bot8895975047:AAE_eXzUepLl7GN1AkRT4Z-nakCYjCqDwrU/answerCallbackQuery "HTTP/1.1 200 OK"
2026-09-14 13:31:24,644 | INFO     | httpx | HTTP Request: POST https://api.telegram.org/bot8895975047:AAE_eXzUepLl7GN1AkRT4Z-nakCYjCqDwrU/deleteMessage "HTTP/1.1 200 OK"
2026-09-14 13:31:24,658 | ERROR    | telegram.ext.Application | No error handlers are registered, logging exception.
Traceback (most recent call last):
  File "/data/data/com.termux/files/usr/lib/python3.12/site-packages/telegram/ext/_application.py", line 1315, in process_update
    await coroutine
  File "/data/data/com.termux/files/usr/lib/python3.12/site-packages/telegram/ext/_handlers/basehandler.py", line 159, in handle_update
    return await self.callback(update, context)
           ^^^^^^^^^^^^^^^^^^^^^^^^^^^^^^^^^^^^
  File "/storage/emulated/0/Python/BOT/bot1.py", line 812, in on_callback
    async with db.execute(
               ^^^^^^^^^^^
  File "/data/data/com.termux/files/usr/lib/python3.12/site-packages/aiosqlite/context.py", line 41, in __aenter__
    self._obj = await self._coro
                ^^^^^^^^^^^^^^^^
  File "/data/data/com.termux/files/usr/lib/python3.12/site-packages/aiosqlite/core.py", line 223, in execute
    cursor = await self._execute(self._conn.execute, sql, parameters)
             ^^^^^^^^^^^^^^^^^^^^^^^^^^^^^^^^^^^^^^^^^^^^^^^^^^^^^^^^
  File "/data/data/com.termux/files/usr/lib/python3.12/site-packages/aiosqlite/core.py", line 160, in _execute
    return await future
           ^^^^^^^^^^^^
  File "/data/data/com.termux/files/usr/lib/python3.12/site-packages/aiosqlite/core.py", line 63, in _connection_worker_thread
    result = function()
             ^^^^^^^^^^
sqlite3.OperationalError: no such column: tier
2026-09-14 13:31:33,051 | INFO     | httpx | HTTP Request: POST https://api.telegram.org/bot8895975047:AAE_eXzUepLl7GN1AkRT4Z-nakCYjCqDwrU/getUpdates "HTTP/1.1 200 OK"
2026-09-14 13:32:05,074 | INFO     | httpx | HTTP Request: POST https://api.telegram.org/bot8895975047:AAE_eXzUepLl7GN1AkRT4Z-nakCYjCqDwrU/getUpdates "HTTP/1.1 200 OK"
2026-09-14 13:32:19,304 | INFO     | __main__ | Bot online.
2026-09-14 13:32:21,537 | INFO     | httpx | HTTP Request: POST https://api.telegram.org/bot8895975047:AAE_eXzUepLl7GN1AkRT4Z-nakCYjCqDwrU/getMe "HTTP/1.1 200 OK"
2026-09-14 13:32:21,539 | INFO     | apscheduler.scheduler | Scheduler started
2026-09-14 13:32:21,539 | INFO     | telegram.ext.Application | Application started
2026-09-14 13:32:21,888 | INFO     | httpx | HTTP Request: POST https://api.telegram.org/bot8895975047:AAE_eXzUepLl7GN1AkRT4Z-nakCYjCqDwrU/deleteWebhook "HTTP/1.1 200 OK"
2026-09-14 13:32:26,182 | INFO     | httpx | HTTP Request: POST https://api.telegram.org/bot8895975047:AAE_eXzUepLl7GN1AkRT4Z-nakCYjCqDwrU/getUpdates "HTTP/1.1 200 OK"
2026-09-14 13:32:26,893 | INFO     | httpx | HTTP Request: POST https://api.telegram.org/bot8895975047:AAE_eXzUepLl7GN1AkRT4Z-nakCYjCqDwrU/deleteMessage "HTTP/1.1 200 OK"
2026-09-14 13:32:27,379 | INFO     | httpx | HTTP Request: POST https://api.telegram.org/bot8895975047:AAE_eXzUepLl7GN1AkRT4Z-nakCYjCqDwrU/sendMessage "HTTP/1.1 200 OK"
2026-09-14 13:32:30,718 | INFO     | httpx | HTTP Request: POST https://api.telegram.org/bot8895975047:AAE_eXzUepLl7GN1AkRT4Z-nakCYjCqDwrU/getUpdates "HTTP/1.1 200 OK"
2026-09-14 13:32:31,109 | INFO     | httpx | HTTP Request: POST https://api.telegram.org/bot8895975047:AAE_eXzUepLl7GN1AkRT4Z-nakCYjCqDwrU/answerCallbackQuery "HTTP/1.1 200 OK"
2026-09-14 13:32:31,505 | INFO     | httpx | HTTP Request: POST https://api.telegram.org/bot8895975047:AAE_eXzUepLl7GN1AkRT4Z-nakCYjCqDwrU/deleteMessage "HTTP/1.1 200 OK"
2026-09-14 13:32:31,518 | ERROR    | telegram.ext.Application | No error handlers are registered, logging exception.
Traceback (most recent call last):
  File "/data/data/com.termux/files/usr/lib/python3.12/site-packages/telegram/ext/_application.py", line 1315, in process_update
    await coroutine
  File "/data/data/com.termux/files/usr/lib/python3.12/site-packages/telegram/ext/_handlers/basehandler.py", line 159, in handle_update
    return await self.callback(update, context)
           ^^^^^^^^^^^^^^^^^^^^^^^^^^^^^^^^^^^^
  File "/storage/emulated/0/Python/BOT/bot1.py", line 813, in on_callback
    async with db.execute(
               ^^^^^^^^^^^
  File "/data/data/com.termux/files/usr/lib/python3.12/site-packages/aiosqlite/context.py", line 41, in __aenter__
    self._obj = await self._coro
                ^^^^^^^^^^^^^^^^
  File "/data/data/com.termux/files/usr/lib/python3.12/site-packages/aiosqlite/core.py", line 223, in execute
    cursor = await self._execute(self._conn.execute, sql, parameters)
             ^^^^^^^^^^^^^^^^^^^^^^^^^^^^^^^^^^^^^^^^^^^^^^^^^^^^^^^^
  File "/data/data/com.termux/files/usr/lib/python3.12/site-packages/aiosqlite/core.py", line 160, in _execute
    return await future
           ^^^^^^^^^^^^
  File "/data/data/com.termux/files/usr/lib/python3.12/site-packages/aiosqlite/core.py", line 63, in _connection_worker_thread
    result = function()
             ^^^^^^^^^^
sqlite3.OperationalError: no such column: price
2026-09-14 13:32:40,948 | INFO     | httpx | HTTP Request: POST https://api.telegram.org/bot8895975047:AAE_eXzUepLl7GN1AkRT4Z-nakCYjCqDwrU/getUpdates "HTTP/1.1 200 OK"
2026-09-14 13:33:03,904 | INFO     | httpx | HTTP Request: POST https://api.telegram.org/bot8895975047:AAE_eXzUepLl7GN1AkRT4Z-nakCYjCqDwrU/getUpdates "HTTP/1.1 200 OK"
2026-09-14 13:33:03,907 | INFO     | telegram.ext.Application | Application is stopping. This might take a moment.
2026-09-14 13:33:03,909 | INFO     | apscheduler.scheduler | Scheduler has been shut down
2026-09-14 13:33:03,920 | INFO     | telegram.ext.Application | Application.stop() complete
2026-09-14 13:33:10,818 | INFO     | __main__ | Bot online.
2026-09-14 13:33:12,960 | INFO     | httpx | HTTP Request: POST https://api.telegram.org/bot8895975047:AAE_eXzUepLl7GN1AkRT4Z-nakCYjCqDwrU/getMe "HTTP/1.1 200 OK"
2026-09-14 13:33:12,962 | INFO     | apscheduler.scheduler | Scheduler started
2026-09-14 13:33:12,962 | INFO     | telegram.ext.Application | Application started
2026-09-14 13:33:14,058 | INFO     | httpx | HTTP Request: POST https://api.telegram.org/bot8895975047:AAE_eXzUepLl7GN1AkRT4Z-nakCYjCqDwrU/deleteWebhook "HTTP/1.1 200 OK"
2026-09-14 13:33:17,528 | INFO     | httpx | HTTP Request: POST https://api.telegram.org/bot8895975047:AAE_eXzUepLl7GN1AkRT4Z-nakCYjCqDwrU/getUpdates "HTTP/1.1 200 OK"
2026-09-14 13:33:18,235 | INFO     | httpx | HTTP Request: POST https://api.telegram.org/bot8895975047:AAE_eXzUepLl7GN1AkRT4Z-nakCYjCqDwrU/deleteMessage "HTTP/1.1 200 OK"
2026-09-14 13:33:21,610 | INFO     | httpx | HTTP Request: POST https://api.telegram.org/bot8895975047:AAE_eXzUepLl7GN1AkRT4Z-nakCYjCqDwrU/getUpdates "HTTP/1.1 200 OK"
2026-09-14 13:33:22,640 | INFO     | httpx | HTTP Request: POST https://api.telegram.org/bot8895975047:AAE_eXzUepLl7GN1AkRT4Z-nakCYjCqDwrU/sendMessage "HTTP/1.1 200 OK"
2026-09-14 13:33:23,109 | INFO     | httpx | HTTP Request: POST https://api.telegram.org/bot8895975047:AAE_eXzUepLl7GN1AkRT4Z-nakCYjCqDwrU/answerCallbackQuery "HTTP/1.1 200 OK"
2026-09-14 13:33:23,580 | INFO     | httpx | HTTP Request: POST https://api.telegram.org/bot8895975047:AAE_eXzUepLl7GN1AkRT4Z-nakCYjCqDwrU/deleteMessage "HTTP/1.1 200 OK"
2026-09-14 13:33:24,037 | INFO     | httpx | HTTP Request: POST https://api.telegram.org/bot8895975047:AAE_eXzUepLl7GN1AkRT4Z-nakCYjCqDwrU/sendMessage "HTTP/1.1 200 OK"
2026-09-14 13:33:30,077 | INFO     | httpx | HTTP Request: POST https://api.telegram.org/bot8895975047:AAE_eXzUepLl7GN1AkRT4Z-nakCYjCqDwrU/getUpdates "HTTP/1.1 200 OK"
2026-09-14 13:33:30,307 | INFO     | httpx | HTTP Request: POST https://api.telegram.org/bot8895975047:AAE_eXzUepLl7GN1AkRT4Z-nakCYjCqDwrU/getUpdates "HTTP/1.1 200 OK"
2026-09-14 13:33:30,928 | INFO     | httpx | HTTP Request: POST https://api.telegram.org/bot8895975047:AAE_eXzUepLl7GN1AkRT4Z-nakCYjCqDwrU/answerCallbackQuery "HTTP/1.1 200 OK"
2026-09-14 13:33:31,383 | INFO     | httpx | HTTP Request: POST https://api.telegram.org/bot8895975047:AAE_eXzUepLl7GN1AkRT4Z-nakCYjCqDwrU/editMessageText "HTTP/1.1 200 OK"
2026-09-14 13:33:31,802 | INFO     | httpx | HTTP Request: POST https://api.telegram.org/bot8895975047:AAE_eXzUepLl7GN1AkRT4Z-nakCYjCqDwrU/answerCallbackQuery "HTTP/1.1 200 OK"
2026-09-14 13:33:32,328 | INFO     | httpx | HTTP Request: POST https://api.telegram.org/bot8895975047:AAE_eXzUepLl7GN1AkRT4Z-nakCYjCqDwrU/editMessageText "HTTP/1.1 400 Bad Request"
2026-09-14 13:33:32,329 | ERROR    | telegram.ext.Application | No error handlers are registered, logging exception.
Traceback (most recent call last):
  File "/data/data/com.termux/files/usr/lib/python3.12/site-packages/telegram/ext/_application.py", line 1315, in process_update
    await coroutine
  File "/data/data/com.termux/files/usr/lib/python3.12/site-packages/telegram/ext/_handlers/basehandler.py", line 159, in handle_update
    return await self.callback(update, context)
           ^^^^^^^^^^^^^^^^^^^^^^^^^^^^^^^^^^^^
  File "/storage/emulated/0/Python/BOT/bot1.py", line 1013, in on_callback
    await q.edit_message_text(
  File "/data/data/com.termux/files/usr/lib/python3.12/site-packages/telegram/_callbackquery.py", line 268, in edit_message_text
    return await self._get_message().edit_text(
           ^^^^^^^^^^^^^^^^^^^^^^^^^^^^^^^^^^^^
  File "/data/data/com.termux/files/usr/lib/python3.12/site-packages/telegram/_message.py", line 4142, in edit_text
    return await self.get_bot().edit_message_text(
           ^^^^^^^^^^^^^^^^^^^^^^^^^^^^^^^^^^^^^^^
  File "/data/data/com.termux/files/usr/lib/python3.12/site-packages/telegram/ext/_extbot.py", line 1735, in edit_message_text
    return await super().edit_message_text(
           ^^^^^^^^^^^^^^^^^^^^^^^^^^^^^^^^
  File "/data/data/com.termux/files/usr/lib/python3.12/site-packages/telegram/_bot.py", line 4463, in edit_message_text
    return await self._send_message(
           ^^^^^^^^^^^^^^^^^^^^^^^^^
  File "/data/data/com.termux/files/usr/lib/python3.12/site-packages/telegram/ext/_extbot.py", line 634, in _send_message
    result = await super()._send_message(
             ^^^^^^^^^^^^^^^^^^^^^^^^^^^^
  File "/data/data/com.termux/files/usr/lib/python3.12/site-packages/telegram/_bot.py", line 819, in _send_message
    result = await self._post(
             ^^^^^^^^^^^^^^^^^
  File "/data/data/com.termux/files/usr/lib/python3.12/site-packages/telegram/_bot.py", line 703, in _post
    return await self._do_post(
           ^^^^^^^^^^^^^^^^^^^^
  File "/data/data/com.termux/files/usr/lib/python3.12/site-packages/telegram/ext/_extbot.py", line 372, in _do_post
    return await super()._do_post(
           ^^^^^^^^^^^^^^^^^^^^^^^
  File "/data/data/com.termux/files/usr/lib/python3.12/site-packages/telegram/_bot.py", line 732, in _do_post
    result = await request.post(
             ^^^^^^^^^^^^^^^^^^^
  File "/data/data/com.termux/files/usr/lib/python3.12/site-packages/telegram/request/_baserequest.py", line 198, in post
    result = await self._request_wrapper(
             ^^^^^^^^^^^^^^^^^^^^^^^^^^^^
  File "/data/data/com.termux/files/usr/lib/python3.12/site-packages/telegram/request/_baserequest.py", line 375, in _request_wrapper
    raise exception
telegram.error.BadRequest: Message is not modified: specified new message content and reply markup are exactly the same as a current content and reply markup of the message
2026-09-14 13:33:40,727 | INFO     | httpx | HTTP Request: POST https://api.telegram.org/bot8895975047:AAE_eXzUepLl7GN1AkRT4Z-nakCYjCqDwrU/getUpdates "HTTP/1.1 200 OK"
2026-09-14 13:33:51,072 | INFO     | httpx | HTTP Request: POST https://api.telegram.org/bot8895975047:AAE_eXzUepLl7GN1AkRT4Z-nakCYjCqDwrU/getUpdates "HTTP/1.1 200 OK"
2026-09-14 13:34:01,303 | INFO     | httpx | HTTP Request: POST https://api.telegram.org/bot8895975047:AAE_eXzUepLl7GN1AkRT4Z-nakCYjCqDwrU/getUpdates "HTTP/1.1 200 OK"
2026-09-14 13:34:11,547 | INFO     | httpx | HTTP Request: POST https://api.telegram.org/bot8895975047:AAE_eXzUepLl7GN1AkRT4Z-nakCYjCqDwrU/getUpdates "HTTP/1.1 200 OK"
2026-09-14 13:34:21,890 | INFO     | httpx | HTTP Request: POST https://api.telegram.org/bot8895975047:AAE_eXzUepLl7GN1AkRT4Z-nakCYjCqDwrU/getUpdates "HTTP/1.1 200 OK"
2026-09-14 13:34:29,885 | INFO     | httpx | HTTP Request: POST https://api.telegram.org/bot8895975047:AAE_eXzUepLl7GN1AkRT4Z-nakCYjCqDwrU/getUpdates "HTTP/1.1 200 OK"
2026-09-14 13:34:30,099 | INFO     | httpx | HTTP Request: POST https://api.telegram.org/bot8895975047:AAE_eXzUepLl7GN1AkRT4Z-nakCYjCqDwrU/getUpdates "HTTP/1.1 200 OK"
2026-09-14 13:34:30,745 | INFO     | httpx | HTTP Request: POST https://api.telegram.org/bot8895975047:AAE_eXzUepLl7GN1AkRT4Z-nakCYjCqDwrU/answerCallbackQuery "HTTP/1.1 200 OK"
2026-09-14 13:34:31,208 | INFO     | httpx | HTTP Request: POST https://api.telegram.org/bot8895975047:AAE_eXzUepLl7GN1AkRT4Z-nakCYjCqDwrU/deleteMessage "HTTP/1.1 200 OK"
2026-09-14 13:34:31,721 | INFO     | httpx | HTTP Request: POST https://api.telegram.org/bot8895975047:AAE_eXzUepLl7GN1AkRT4Z-nakCYjCqDwrU/sendMessage "HTTP/1.1 200 OK"
2026-09-14 13:34:32,243 | INFO     | httpx | HTTP Request: POST https://api.telegram.org/bot8895975047:AAE_eXzUepLl7GN1AkRT4Z-nakCYjCqDwrU/answerCallbackQuery "HTTP/1.1 200 OK"
2026-09-14 13:34:32,547 | INFO     | httpx | HTTP Request: POST https://api.telegram.org/bot8895975047:AAE_eXzUepLl7GN1AkRT4Z-nakCYjCqDwrU/deleteMessage "HTTP/1.1 400 Bad Request"
2026-09-14 13:34:33,013 | INFO     | httpx | HTTP Request: POST https://api.telegram.org/bot8895975047:AAE_eXzUepLl7GN1AkRT4Z-nakCYjCqDwrU/sendMessage "HTTP/1.1 200 OK"
2026-09-14 13:34:40,426 | INFO     | httpx | HTTP Request: POST https://api.telegram.org/bot8895975047:AAE_eXzUepLl7GN1AkRT4Z-nakCYjCqDwrU/getUpdates "HTTP/1.1 200 OK"
2026-09-14 13:34:50,666 | INFO     | httpx | HTTP Request: POST https://api.telegram.org/bot8895975047:AAE_eXzUepLl7GN1AkRT4Z-nakCYjCqDwrU/getUpdates "HTTP/1.1 200 OK"
2026-09-14 13:35:01,343 | INFO     | httpx | HTTP Request: POST https://api.telegram.org/bot8895975047:AAE_eXzUepLl7GN1AkRT4Z-nakCYjCqDwrU/getUpdates "HTTP/1.1 200 OK"
